[{
  "version": "1.0",
  "image": {
    "name": "/var/www/imageconvert_usr/data/www/imageconvert.org/image/public/uploadt/ezgif-frame-097.jpg",
    "format": "json",
    "formatDescription": "The image format and characteristics",
    "mimeType": "application/json",
    "class": "DirectClass",
    "geometry": {
      "width": 600,
      "height": 338,
      "x": 0,
      "y": 0
    },
    "units": "Undefined",
    "type": "TrueColor",
    "endianness": "Undefined",
    "colorspace": "sRGB",
    "depth": 8,
    "baseDepth": 8,
    "channelDepth": {
      "red": 8,
      "green": 8,
      "blue": 8
    },
    "pixels": 202800,
    "imageStatistics": {
      "all": {
        "min": 0,
        "max": 255,
        "mean": 106.617,
        "standardDeviation": 50.3609,
        "kurtosis": -0.735534,
        "skewness": -0.349575,
        "entropy": 0.929472
      }
    },
    "channelStatistics": {
      "red": {
        "min": 0,
        "max": 255,
        "mean": 107.855,
        "standardDeviation": 50.0705,
        "kurtosis": -0.678511,
        "skewness": -0.347452,
        "entropy": 0.931733
      },
      "green": {
        "min": 0,
        "max": 255,
        "mean": 105.922,
        "standardDeviation": 50.7409,
        "kurtosis": -0.76658,
        "skewness": -0.349033,
        "entropy": 0.93002
      },
      "blue": {
        "min": 0,
        "max": 255,
        "mean": 106.072,
        "standardDeviation": 50.2714,
        "kurtosis": -0.762859,
        "skewness": -0.351301,
        "entropy": 0.926664
      }
    },
    "renderingIntent": "Perceptual",
    "gamma": 0.454545,
    "chromaticity": {
      "redPrimary": {
        "x": 0.64,
        "y": 0.33
      },
      "greenPrimary": {
        "x": 0.3,
        "y": 0.6
      },
      "bluePrimary": {
        "x": 0.15,
        "y": 0.06
      },
      "whitePrimary": {
        "x": 0.3127,
        "y": 0.329
      }
    },
    "backgroundColor": "#FFFFFF",
    "borderColor": "#DFDFDF",
    "matteColor": "#BDBDBD",
    "transparentColor": "#000000",
    "interlace": "None",
    "intensity": "Undefined",
    "compose": "Over",
    "pageGeometry": {
      "width": 600,
      "height": 338,
      "x": 0,
      "y": 0
    },
    "dispose": "Undefined",
    "iterations": 0,
    "compression": "JPEG",
    "orientation": "Undefined",
    "properties": {
      "comment": "Lavc60.31.102",
      "date:create": "2025-07-13T08:00:59+00:00",
      "date:modify": "2025-07-13T08:00:59+00:00",
      "jpeg:colorspace": "2",
      "jpeg:sampling-factor": "2x2,1x1,1x1",
      "signature": "eda90bad0d46a8137e47791f461047d50f2000ed86710369e298cdcfb63d33c7"
    },
    "tainted": false,
    "filesize": "12194B",
    "numberPixels": "202800",
    "pixelsPerSecond": "98.0145MB",
    "userTime": "0.000u",
    "elapsedTime": "0:01.002",
    "version": "ImageMagick 6.9.11-60 Q16 x86_64 2021-01-25 https://imagemagick.org"
  }
}
]