[{
  "version": "1.0",
  "image": {
    "name": "/var/www/imageconvert_usr/data/www/imageconvert.org/image/public/uploadt/ezgif-frame-141.jpg",
    "format": "json",
    "formatDescription": "The image format and characteristics",
    "mimeType": "application/json",
    "class": "DirectClass",
    "geometry": {
      "width": 600,
      "height": 338,
      "x": 0,
      "y": 0
    },
    "units": "Undefined",
    "type": "TrueColor",
    "endianness": "Undefined",
    "colorspace": "sRGB",
    "depth": 8,
    "baseDepth": 8,
    "channelDepth": {
      "red": 8,
      "green": 8,
      "blue": 8
    },
    "pixels": 202800,
    "imageStatistics": {
      "all": {
        "min": 0,
        "max": 255,
        "mean": 98.0124,
        "standardDeviation": 51.9601,
        "kurtosis": -0.840502,
        "skewness": -0.144931,
        "entropy": 0.938297
      }
    },
    "channelStatistics": {
      "red": {
        "min": 0,
        "max": 255,
        "mean": 99.2471,
        "standardDeviation": 51.6062,
        "kurtosis": -0.805146,
        "skewness": -0.127157,
        "entropy": 0.941755
      },
      "green": {
        "min": 0,
        "max": 255,
        "mean": 97.1786,
        "standardDeviation": 52.4147,
        "kurtosis": -0.873064,
        "skewness": -0.149108,
        "entropy": 0.938828
      },
      "blue": {
        "min": 0,
        "max": 255,
        "mean": 97.6114,
        "standardDeviation": 51.8594,
        "kurtosis": -0.846623,
        "skewness": -0.15657,
        "entropy": 0.934308
      }
    },
    "renderingIntent": "Perceptual",
    "gamma": 0.454545,
    "chromaticity": {
      "redPrimary": {
        "x": 0.64,
        "y": 0.33
      },
      "greenPrimary": {
        "x": 0.3,
        "y": 0.6
      },
      "bluePrimary": {
        "x": 0.15,
        "y": 0.06
      },
      "whitePrimary": {
        "x": 0.3127,
        "y": 0.329
      }
    },
    "backgroundColor": "#FFFFFF",
    "borderColor": "#DFDFDF",
    "matteColor": "#BDBDBD",
    "transparentColor": "#000000",
    "interlace": "None",
    "intensity": "Undefined",
    "compose": "Over",
    "pageGeometry": {
      "width": 600,
      "height": 338,
      "x": 0,
      "y": 0
    },
    "dispose": "Undefined",
    "iterations": 0,
    "compression": "JPEG",
    "orientation": "Undefined",
    "properties": {
      "comment": "Lavc60.31.102",
      "date:create": "2025-07-13T08:01:05+00:00",
      "date:modify": "2025-07-13T08:01:05+00:00",
      "jpeg:colorspace": "2",
      "jpeg:sampling-factor": "2x2,1x1,1x1",
      "signature": "162b977877e22310a2fe297b03f683e61940b65a452f83409d81b25f6175fb3b"
    },
    "tainted": false,
    "filesize": "11526B",
    "numberPixels": "202800",
    "pixelsPerSecond": "133.108MB",
    "userTime": "0.000u",
    "elapsedTime": "0:01.001",
    "version": "ImageMagick 6.9.11-60 Q16 x86_64 2021-01-25 https://imagemagick.org"
  }
}
]