[{
  "version": "1.0",
  "image": {
    "name": "/var/www/imageconvert_usr/data/www/imageconvert.org/image/public/uploadt/ezgif-frame-082.jpg",
    "format": "json",
    "formatDescription": "The image format and characteristics",
    "mimeType": "application/json",
    "class": "DirectClass",
    "geometry": {
      "width": 600,
      "height": 338,
      "x": 0,
      "y": 0
    },
    "units": "Undefined",
    "type": "TrueColor",
    "endianness": "Undefined",
    "colorspace": "sRGB",
    "depth": 8,
    "baseDepth": 8,
    "channelDepth": {
      "red": 8,
      "green": 8,
      "blue": 8
    },
    "pixels": 202800,
    "imageStatistics": {
      "all": {
        "min": 0,
        "max": 255,
        "mean": 107.148,
        "standardDeviation": 50.6121,
        "kurtosis": -0.801279,
        "skewness": -0.38975,
        "entropy": 0.928852
      }
    },
    "channelStatistics": {
      "red": {
        "min": 0,
        "max": 255,
        "mean": 108.851,
        "standardDeviation": 50.19,
        "kurtosis": -0.729216,
        "skewness": -0.388422,
        "entropy": 0.932527
      },
      "green": {
        "min": 0,
        "max": 255,
        "mean": 106.452,
        "standardDeviation": 50.9134,
        "kurtosis": -0.831758,
        "skewness": -0.387712,
        "entropy": 0.928262
      },
      "blue": {
        "min": 0,
        "max": 255,
        "mean": 106.14,
        "standardDeviation": 50.733,
        "kurtosis": -0.845135,
        "skewness": -0.391613,
        "entropy": 0.925768
      }
    },
    "renderingIntent": "Perceptual",
    "gamma": 0.454545,
    "chromaticity": {
      "redPrimary": {
        "x": 0.64,
        "y": 0.33
      },
      "greenPrimary": {
        "x": 0.3,
        "y": 0.6
      },
      "bluePrimary": {
        "x": 0.15,
        "y": 0.06
      },
      "whitePrimary": {
        "x": 0.3127,
        "y": 0.329
      }
    },
    "backgroundColor": "#FFFFFF",
    "borderColor": "#DFDFDF",
    "matteColor": "#BDBDBD",
    "transparentColor": "#000000",
    "interlace": "None",
    "intensity": "Undefined",
    "compose": "Over",
    "pageGeometry": {
      "width": 600,
      "height": 338,
      "x": 0,
      "y": 0
    },
    "dispose": "Undefined",
    "iterations": 0,
    "compression": "JPEG",
    "orientation": "Undefined",
    "properties": {
      "comment": "Lavc60.31.102",
      "date:create": "2025-07-13T08:00:57+00:00",
      "date:modify": "2025-07-13T08:00:57+00:00",
      "jpeg:colorspace": "2",
      "jpeg:sampling-factor": "2x2,1x1,1x1",
      "signature": "c300085cfceb8d4c6b781979e1e94ad8c5f7e8f9c8a424b177f6d000e1b14039"
    },
    "tainted": false,
    "filesize": "12169B",
    "numberPixels": "202800",
    "pixelsPerSecond": "107.377MB",
    "userTime": "0.000u",
    "elapsedTime": "0:01.001",
    "version": "ImageMagick 6.9.11-60 Q16 x86_64 2021-01-25 https://imagemagick.org"
  }
}
]