[{
  "version": "1.0",
  "image": {
    "name": "/var/www/imageconvert_usr/data/www/imageconvert.org/image/public/uploadt/ezgif-frame-062.jpg",
    "format": "json",
    "formatDescription": "The image format and characteristics",
    "mimeType": "application/json",
    "class": "DirectClass",
    "geometry": {
      "width": 600,
      "height": 338,
      "x": 0,
      "y": 0
    },
    "units": "Undefined",
    "type": "TrueColor",
    "endianness": "Undefined",
    "colorspace": "sRGB",
    "depth": 8,
    "baseDepth": 8,
    "channelDepth": {
      "red": 8,
      "green": 8,
      "blue": 8
    },
    "pixels": 202800,
    "imageStatistics": {
      "all": {
        "min": 0,
        "max": 255,
        "mean": 112.745,
        "standardDeviation": 49.4965,
        "kurtosis": -0.576995,
        "skewness": -0.499984,
        "entropy": 0.928666
      }
    },
    "channelStatistics": {
      "red": {
        "min": 0,
        "max": 255,
        "mean": 114.545,
        "standardDeviation": 49.5371,
        "kurtosis": -0.537937,
        "skewness": -0.487627,
        "entropy": 0.932034
      },
      "green": {
        "min": 0,
        "max": 255,
        "mean": 112.363,
        "standardDeviation": 49.7582,
        "kurtosis": -0.597076,
        "skewness": -0.503518,
        "entropy": 0.928837
      },
      "blue": {
        "min": 0,
        "max": 255,
        "mean": 111.327,
        "standardDeviation": 49.1944,
        "kurtosis": -0.601695,
        "skewness": -0.511591,
        "entropy": 0.925127
      }
    },
    "renderingIntent": "Perceptual",
    "gamma": 0.454545,
    "chromaticity": {
      "redPrimary": {
        "x": 0.64,
        "y": 0.33
      },
      "greenPrimary": {
        "x": 0.3,
        "y": 0.6
      },
      "bluePrimary": {
        "x": 0.15,
        "y": 0.06
      },
      "whitePrimary": {
        "x": 0.3127,
        "y": 0.329
      }
    },
    "backgroundColor": "#FFFFFF",
    "borderColor": "#DFDFDF",
    "matteColor": "#BDBDBD",
    "transparentColor": "#000000",
    "interlace": "None",
    "intensity": "Undefined",
    "compose": "Over",
    "pageGeometry": {
      "width": 600,
      "height": 338,
      "x": 0,
      "y": 0
    },
    "dispose": "Undefined",
    "iterations": 0,
    "compression": "JPEG",
    "orientation": "Undefined",
    "properties": {
      "comment": "Lavc60.31.102",
      "date:create": "2025-07-13T08:00:55+00:00",
      "date:modify": "2025-07-13T08:00:55+00:00",
      "jpeg:colorspace": "2",
      "jpeg:sampling-factor": "2x2,1x1,1x1",
      "signature": "6295abfa5df9af8e0680a449a78b5df77870b51b8dbdf791c749094d946aa379"
    },
    "tainted": false,
    "filesize": "11601B",
    "numberPixels": "202800",
    "pixelsPerSecond": "116.204MB",
    "userTime": "0.000u",
    "elapsedTime": "0:01.001",
    "version": "ImageMagick 6.9.11-60 Q16 x86_64 2021-01-25 https://imagemagick.org"
  }
}
]