[{
  "version": "1.0",
  "image": {
    "name": "/var/www/imageconvert_usr/data/www/imageconvert.org/image/public/uploadt/ezgif-frame-105.jpg",
    "format": "json",
    "formatDescription": "The image format and characteristics",
    "mimeType": "application/json",
    "class": "DirectClass",
    "geometry": {
      "width": 600,
      "height": 338,
      "x": 0,
      "y": 0
    },
    "units": "Undefined",
    "type": "TrueColor",
    "endianness": "Undefined",
    "colorspace": "sRGB",
    "depth": 8,
    "baseDepth": 8,
    "channelDepth": {
      "red": 8,
      "green": 8,
      "blue": 8
    },
    "pixels": 202800,
    "imageStatistics": {
      "all": {
        "min": 0,
        "max": 255,
        "mean": 106.057,
        "standardDeviation": 50.5208,
        "kurtosis": -0.724456,
        "skewness": -0.310751,
        "entropy": 0.930913
      }
    },
    "channelStatistics": {
      "red": {
        "min": 0,
        "max": 255,
        "mean": 107.205,
        "standardDeviation": 50.2552,
        "kurtosis": -0.670919,
        "skewness": -0.302954,
        "entropy": 0.933909
      },
      "green": {
        "min": 0,
        "max": 255,
        "mean": 105.297,
        "standardDeviation": 50.8067,
        "kurtosis": -0.748987,
        "skewness": -0.309896,
        "entropy": 0.931393
      },
      "blue": {
        "min": 0,
        "max": 255,
        "mean": 105.667,
        "standardDeviation": 50.5006,
        "kurtosis": -0.755203,
        "skewness": -0.318445,
        "entropy": 0.927437
      }
    },
    "renderingIntent": "Perceptual",
    "gamma": 0.454545,
    "chromaticity": {
      "redPrimary": {
        "x": 0.64,
        "y": 0.33
      },
      "greenPrimary": {
        "x": 0.3,
        "y": 0.6
      },
      "bluePrimary": {
        "x": 0.15,
        "y": 0.06
      },
      "whitePrimary": {
        "x": 0.3127,
        "y": 0.329
      }
    },
    "backgroundColor": "#FFFFFF",
    "borderColor": "#DFDFDF",
    "matteColor": "#BDBDBD",
    "transparentColor": "#000000",
    "interlace": "None",
    "intensity": "Undefined",
    "compose": "Over",
    "pageGeometry": {
      "width": 600,
      "height": 338,
      "x": 0,
      "y": 0
    },
    "dispose": "Undefined",
    "iterations": 0,
    "compression": "JPEG",
    "orientation": "Undefined",
    "properties": {
      "comment": "Lavc60.31.102",
      "date:create": "2025-07-13T08:01:00+00:00",
      "date:modify": "2025-07-13T08:01:00+00:00",
      "jpeg:colorspace": "2",
      "jpeg:sampling-factor": "2x2,1x1,1x1",
      "signature": "293f160a75bb5fcfc7570bbf076175a33b51c5409e09383c2a681587babf0ba1"
    },
    "tainted": false,
    "filesize": "11995B",
    "numberPixels": "202800",
    "pixelsPerSecond": "103.697MB",
    "userTime": "0.010u",
    "elapsedTime": "0:01.001",
    "version": "ImageMagick 6.9.11-60 Q16 x86_64 2021-01-25 https://imagemagick.org"
  }
}
]