[{
  "version": "1.0",
  "image": {
    "name": "/var/www/imageconvert_usr/data/www/imageconvert.org/image/public/uploadt/ezgif-frame-121.jpg",
    "format": "json",
    "formatDescription": "The image format and characteristics",
    "mimeType": "application/json",
    "class": "DirectClass",
    "geometry": {
      "width": 600,
      "height": 338,
      "x": 0,
      "y": 0
    },
    "units": "Undefined",
    "type": "TrueColor",
    "endianness": "Undefined",
    "colorspace": "sRGB",
    "depth": 8,
    "baseDepth": 8,
    "channelDepth": {
      "red": 8,
      "green": 8,
      "blue": 8
    },
    "pixels": 202800,
    "imageStatistics": {
      "all": {
        "min": 0,
        "max": 255,
        "mean": 100.282,
        "standardDeviation": 50.8974,
        "kurtosis": -0.801103,
        "skewness": -0.299568,
        "entropy": 0.930871
      }
    },
    "channelStatistics": {
      "red": {
        "min": 0,
        "max": 255,
        "mean": 101.444,
        "standardDeviation": 50.5312,
        "kurtosis": -0.754885,
        "skewness": -0.287009,
        "entropy": 0.934085
      },
      "green": {
        "min": 0,
        "max": 255,
        "mean": 99.5485,
        "standardDeviation": 51.1807,
        "kurtosis": -0.822629,
        "skewness": -0.29689,
        "entropy": 0.930806
      },
      "blue": {
        "min": 0,
        "max": 255,
        "mean": 99.8527,
        "standardDeviation": 50.9803,
        "kurtosis": -0.828221,
        "skewness": -0.313292,
        "entropy": 0.927723
      }
    },
    "renderingIntent": "Perceptual",
    "gamma": 0.454545,
    "chromaticity": {
      "redPrimary": {
        "x": 0.64,
        "y": 0.33
      },
      "greenPrimary": {
        "x": 0.3,
        "y": 0.6
      },
      "bluePrimary": {
        "x": 0.15,
        "y": 0.06
      },
      "whitePrimary": {
        "x": 0.3127,
        "y": 0.329
      }
    },
    "backgroundColor": "#FFFFFF",
    "borderColor": "#DFDFDF",
    "matteColor": "#BDBDBD",
    "transparentColor": "#000000",
    "interlace": "None",
    "intensity": "Undefined",
    "compose": "Over",
    "pageGeometry": {
      "width": 600,
      "height": 338,
      "x": 0,
      "y": 0
    },
    "dispose": "Undefined",
    "iterations": 0,
    "compression": "JPEG",
    "orientation": "Undefined",
    "properties": {
      "comment": "Lavc60.31.102",
      "date:create": "2025-07-13T08:01:02+00:00",
      "date:modify": "2025-07-13T08:01:02+00:00",
      "jpeg:colorspace": "2",
      "jpeg:sampling-factor": "2x2,1x1,1x1",
      "signature": "f9f3e11c49faeb808d2b929bdef70df47192221a0e4a38628d366c32981d54ed"
    },
    "tainted": false,
    "filesize": "11918B",
    "numberPixels": "202800",
    "pixelsPerSecond": "120.38MB",
    "userTime": "0.010u",
    "elapsedTime": "0:01.001",
    "version": "ImageMagick 6.9.11-60 Q16 x86_64 2021-01-25 https://imagemagick.org"
  }
}
]