[{
  "version": "1.0",
  "image": {
    "name": "/var/www/imageconvert_usr/data/www/imageconvert.org/image/public/uploadt/ezgif-frame-074.jpg",
    "format": "json",
    "formatDescription": "The image format and characteristics",
    "mimeType": "application/json",
    "class": "DirectClass",
    "geometry": {
      "width": 600,
      "height": 338,
      "x": 0,
      "y": 0
    },
    "units": "Undefined",
    "type": "TrueColor",
    "endianness": "Undefined",
    "colorspace": "sRGB",
    "depth": 8,
    "baseDepth": 8,
    "channelDepth": {
      "red": 8,
      "green": 8,
      "blue": 8
    },
    "pixels": 202800,
    "imageStatistics": {
      "all": {
        "min": 0,
        "max": 255,
        "mean": 109.822,
        "standardDeviation": 50.3526,
        "kurtosis": -0.714987,
        "skewness": -0.458259,
        "entropy": 0.92789
      }
    },
    "channelStatistics": {
      "red": {
        "min": 0,
        "max": 255,
        "mean": 111.511,
        "standardDeviation": 50.063,
        "kurtosis": -0.652408,
        "skewness": -0.449201,
        "entropy": 0.931975
      },
      "green": {
        "min": 0,
        "max": 255,
        "mean": 109.192,
        "standardDeviation": 50.5951,
        "kurtosis": -0.746737,
        "skewness": -0.460675,
        "entropy": 0.927539
      },
      "blue": {
        "min": 0,
        "max": 255,
        "mean": 108.764,
        "standardDeviation": 50.3998,
        "kurtosis": -0.749924,
        "skewness": -0.464224,
        "entropy": 0.924155
      }
    },
    "renderingIntent": "Perceptual",
    "gamma": 0.454545,
    "chromaticity": {
      "redPrimary": {
        "x": 0.64,
        "y": 0.33
      },
      "greenPrimary": {
        "x": 0.3,
        "y": 0.6
      },
      "bluePrimary": {
        "x": 0.15,
        "y": 0.06
      },
      "whitePrimary": {
        "x": 0.3127,
        "y": 0.329
      }
    },
    "backgroundColor": "#FFFFFF",
    "borderColor": "#DFDFDF",
    "matteColor": "#BDBDBD",
    "transparentColor": "#000000",
    "interlace": "None",
    "intensity": "Undefined",
    "compose": "Over",
    "pageGeometry": {
      "width": 600,
      "height": 338,
      "x": 0,
      "y": 0
    },
    "dispose": "Undefined",
    "iterations": 0,
    "compression": "JPEG",
    "orientation": "Undefined",
    "properties": {
      "comment": "Lavc60.31.102",
      "date:create": "2025-07-13T08:00:56+00:00",
      "date:modify": "2025-07-13T08:00:56+00:00",
      "jpeg:colorspace": "2",
      "jpeg:sampling-factor": "2x2,1x1,1x1",
      "signature": "1e69158bbdf21600ba4929ecf414f84c434a992aee4c12e66117c8649b956f9b"
    },
    "tainted": false,
    "filesize": "12002B",
    "numberPixels": "202800",
    "pixelsPerSecond": "134.494MB",
    "userTime": "0.010u",
    "elapsedTime": "0:01.001",
    "version": "ImageMagick 6.9.11-60 Q16 x86_64 2021-01-25 https://imagemagick.org"
  }
}
]