[{
  "version": "1.0",
  "image": {
    "name": "/var/www/imageconvert_usr/data/www/imageconvert.org/image/public/uploadt/ezgif-frame-142.jpg",
    "format": "json",
    "formatDescription": "The image format and characteristics",
    "mimeType": "application/json",
    "class": "DirectClass",
    "geometry": {
      "width": 600,
      "height": 338,
      "x": 0,
      "y": 0
    },
    "units": "Undefined",
    "type": "TrueColor",
    "endianness": "Undefined",
    "colorspace": "sRGB",
    "depth": 8,
    "baseDepth": 8,
    "channelDepth": {
      "red": 8,
      "green": 8,
      "blue": 8
    },
    "pixels": 202800,
    "imageStatistics": {
      "all": {
        "min": 0,
        "max": 255,
        "mean": 97.9131,
        "standardDeviation": 52.0367,
        "kurtosis": -0.844649,
        "skewness": -0.141009,
        "entropy": 0.938923
      }
    },
    "channelStatistics": {
      "red": {
        "min": 0,
        "max": 255,
        "mean": 99.1127,
        "standardDeviation": 51.7043,
        "kurtosis": -0.809032,
        "skewness": -0.123779,
        "entropy": 0.942779
      },
      "green": {
        "min": 0,
        "max": 255,
        "mean": 97.0796,
        "standardDeviation": 52.472,
        "kurtosis": -0.877379,
        "skewness": -0.145688,
        "entropy": 0.939017
      },
      "blue": {
        "min": 0,
        "max": 255,
        "mean": 97.547,
        "standardDeviation": 51.9338,
        "kurtosis": -0.850624,
        "skewness": -0.15173,
        "entropy": 0.934974
      }
    },
    "renderingIntent": "Perceptual",
    "gamma": 0.454545,
    "chromaticity": {
      "redPrimary": {
        "x": 0.64,
        "y": 0.33
      },
      "greenPrimary": {
        "x": 0.3,
        "y": 0.6
      },
      "bluePrimary": {
        "x": 0.15,
        "y": 0.06
      },
      "whitePrimary": {
        "x": 0.3127,
        "y": 0.329
      }
    },
    "backgroundColor": "#FFFFFF",
    "borderColor": "#DFDFDF",
    "matteColor": "#BDBDBD",
    "transparentColor": "#000000",
    "interlace": "None",
    "intensity": "Undefined",
    "compose": "Over",
    "pageGeometry": {
      "width": 600,
      "height": 338,
      "x": 0,
      "y": 0
    },
    "dispose": "Undefined",
    "iterations": 0,
    "compression": "JPEG",
    "orientation": "Undefined",
    "properties": {
      "comment": "Lavc60.31.102",
      "date:create": "2025-07-13T08:01:05+00:00",
      "date:modify": "2025-07-13T08:01:05+00:00",
      "jpeg:colorspace": "2",
      "jpeg:sampling-factor": "2x2,1x1,1x1",
      "signature": "e2db1df2c19b3a60728b8814c3052a588a329115b17715578c29bbcfde07d54f"
    },
    "tainted": false,
    "filesize": "11480B",
    "numberPixels": "202800",
    "pixelsPerSecond": "129.924MB",
    "userTime": "0.000u",
    "elapsedTime": "0:01.001",
    "version": "ImageMagick 6.9.11-60 Q16 x86_64 2021-01-25 https://imagemagick.org"
  }
}
]