[{
  "version": "1.0",
  "image": {
    "name": "/var/www/imageconvert_usr/data/www/imageconvert.org/image/public/uploadt/ezgif-frame-015.jpg",
    "format": "json",
    "formatDescription": "The image format and characteristics",
    "mimeType": "application/json",
    "class": "DirectClass",
    "geometry": {
      "width": 600,
      "height": 338,
      "x": 0,
      "y": 0
    },
    "units": "Undefined",
    "type": "TrueColor",
    "endianness": "Undefined",
    "colorspace": "sRGB",
    "depth": 8,
    "baseDepth": 8,
    "channelDepth": {
      "red": 8,
      "green": 8,
      "blue": 8
    },
    "pixels": 202800,
    "imageStatistics": {
      "all": {
        "min": 0,
        "max": 255,
        "mean": 115.528,
        "standardDeviation": 47.9029,
        "kurtosis": -0.395169,
        "skewness": -0.480529,
        "entropy": 0.925824
      }
    },
    "channelStatistics": {
      "red": {
        "min": 0,
        "max": 255,
        "mean": 116.299,
        "standardDeviation": 48.3728,
        "kurtosis": -0.403232,
        "skewness": -0.467239,
        "entropy": 0.928356
      },
      "green": {
        "min": 0,
        "max": 255,
        "mean": 115.28,
        "standardDeviation": 48.1554,
        "kurtosis": -0.399326,
        "skewness": -0.489034,
        "entropy": 0.925807
      },
      "blue": {
        "min": 0,
        "max": 255,
        "mean": 115.005,
        "standardDeviation": 47.1804,
        "kurtosis": -0.385664,
        "skewness": -0.487696,
        "entropy": 0.923309
      }
    },
    "renderingIntent": "Perceptual",
    "gamma": 0.454545,
    "chromaticity": {
      "redPrimary": {
        "x": 0.64,
        "y": 0.33
      },
      "greenPrimary": {
        "x": 0.3,
        "y": 0.6
      },
      "bluePrimary": {
        "x": 0.15,
        "y": 0.06
      },
      "whitePrimary": {
        "x": 0.3127,
        "y": 0.329
      }
    },
    "backgroundColor": "#FFFFFF",
    "borderColor": "#DFDFDF",
    "matteColor": "#BDBDBD",
    "transparentColor": "#000000",
    "interlace": "None",
    "intensity": "Undefined",
    "compose": "Over",
    "pageGeometry": {
      "width": 600,
      "height": 338,
      "x": 0,
      "y": 0
    },
    "dispose": "Undefined",
    "iterations": 0,
    "compression": "JPEG",
    "orientation": "Undefined",
    "properties": {
      "comment": "Lavc60.31.102",
      "date:create": "2025-07-13T08:00:49+00:00",
      "date:modify": "2025-07-13T08:00:49+00:00",
      "jpeg:colorspace": "2",
      "jpeg:sampling-factor": "2x2,1x1,1x1",
      "signature": "e97806e855d022131a045f2a55afa747947095d39065646c1034542ef3095fd8"
    },
    "tainted": false,
    "filesize": "11669B",
    "numberPixels": "202800",
    "pixelsPerSecond": "129.247MB",
    "userTime": "0.010u",
    "elapsedTime": "0:01.001",
    "version": "ImageMagick 6.9.11-60 Q16 x86_64 2021-01-25 https://imagemagick.org"
  }
}
]