[{
  "version": "1.0",
  "image": {
    "name": "/var/www/imageconvert_usr/data/www/imageconvert.org/image/public/uploadt/ezgif-frame-088.jpg",
    "format": "json",
    "formatDescription": "The image format and characteristics",
    "mimeType": "application/json",
    "class": "DirectClass",
    "geometry": {
      "width": 600,
      "height": 338,
      "x": 0,
      "y": 0
    },
    "units": "Undefined",
    "type": "TrueColor",
    "endianness": "Undefined",
    "colorspace": "sRGB",
    "depth": 8,
    "baseDepth": 8,
    "channelDepth": {
      "red": 8,
      "green": 8,
      "blue": 8
    },
    "pixels": 202800,
    "imageStatistics": {
      "all": {
        "min": 0,
        "max": 255,
        "mean": 106.988,
        "standardDeviation": 50.4792,
        "kurtosis": -0.770984,
        "skewness": -0.37417,
        "entropy": 0.930104
      }
    },
    "channelStatistics": {
      "red": {
        "min": 0,
        "max": 255,
        "mean": 108.479,
        "standardDeviation": 50.1863,
        "kurtosis": -0.70563,
        "skewness": -0.36915,
        "entropy": 0.933859
      },
      "green": {
        "min": 0,
        "max": 255,
        "mean": 106.185,
        "standardDeviation": 50.7899,
        "kurtosis": -0.800067,
        "skewness": -0.374963,
        "entropy": 0.929759
      },
      "blue": {
        "min": 0,
        "max": 255,
        "mean": 106.299,
        "standardDeviation": 50.4614,
        "kurtosis": -0.809744,
        "skewness": -0.377423,
        "entropy": 0.926694
      }
    },
    "renderingIntent": "Perceptual",
    "gamma": 0.454545,
    "chromaticity": {
      "redPrimary": {
        "x": 0.64,
        "y": 0.33
      },
      "greenPrimary": {
        "x": 0.3,
        "y": 0.6
      },
      "bluePrimary": {
        "x": 0.15,
        "y": 0.06
      },
      "whitePrimary": {
        "x": 0.3127,
        "y": 0.329
      }
    },
    "backgroundColor": "#FFFFFF",
    "borderColor": "#DFDFDF",
    "matteColor": "#BDBDBD",
    "transparentColor": "#000000",
    "interlace": "None",
    "intensity": "Undefined",
    "compose": "Over",
    "pageGeometry": {
      "width": 600,
      "height": 338,
      "x": 0,
      "y": 0
    },
    "dispose": "Undefined",
    "iterations": 0,
    "compression": "JPEG",
    "orientation": "Undefined",
    "properties": {
      "comment": "Lavc60.31.102",
      "date:create": "2025-07-13T08:00:58+00:00",
      "date:modify": "2025-07-13T08:00:58+00:00",
      "jpeg:colorspace": "2",
      "jpeg:sampling-factor": "2x2,1x1,1x1",
      "signature": "0d8ded753d2ba5a549d6a51d81aa876c47be0087748b6f41cecd205463582028"
    },
    "tainted": false,
    "filesize": "12347B",
    "numberPixels": "202800",
    "pixelsPerSecond": "143.601MB",
    "userTime": "0.000u",
    "elapsedTime": "0:01.001",
    "version": "ImageMagick 6.9.11-60 Q16 x86_64 2021-01-25 https://imagemagick.org"
  }
}
]