[{
  "version": "1.0",
  "image": {
    "name": "/var/www/imageconvert_usr/data/www/imageconvert.org/image/public/uploadt/ezgif-frame-017.jpg",
    "format": "json",
    "formatDescription": "The image format and characteristics",
    "mimeType": "application/json",
    "class": "DirectClass",
    "geometry": {
      "width": 600,
      "height": 338,
      "x": 0,
      "y": 0
    },
    "units": "Undefined",
    "type": "TrueColor",
    "endianness": "Undefined",
    "colorspace": "sRGB",
    "depth": 8,
    "baseDepth": 8,
    "channelDepth": {
      "red": 8,
      "green": 8,
      "blue": 8
    },
    "pixels": 202800,
    "imageStatistics": {
      "all": {
        "min": 0,
        "max": 255,
        "mean": 114.755,
        "standardDeviation": 47.9754,
        "kurtosis": -0.420594,
        "skewness": -0.450882,
        "entropy": 0.926926
      }
    },
    "channelStatistics": {
      "red": {
        "min": 0,
        "max": 255,
        "mean": 115.613,
        "standardDeviation": 48.523,
        "kurtosis": -0.435436,
        "skewness": -0.438006,
        "entropy": 0.929289
      },
      "green": {
        "min": 0,
        "max": 255,
        "mean": 114.485,
        "standardDeviation": 48.1908,
        "kurtosis": -0.426105,
        "skewness": -0.4608,
        "entropy": 0.927049
      },
      "blue": {
        "min": 0,
        "max": 255,
        "mean": 114.165,
        "standardDeviation": 47.2126,
        "kurtosis": -0.40238,
        "skewness": -0.456736,
        "entropy": 0.924441
      }
    },
    "renderingIntent": "Perceptual",
    "gamma": 0.454545,
    "chromaticity": {
      "redPrimary": {
        "x": 0.64,
        "y": 0.33
      },
      "greenPrimary": {
        "x": 0.3,
        "y": 0.6
      },
      "bluePrimary": {
        "x": 0.15,
        "y": 0.06
      },
      "whitePrimary": {
        "x": 0.3127,
        "y": 0.329
      }
    },
    "backgroundColor": "#FFFFFF",
    "borderColor": "#DFDFDF",
    "matteColor": "#BDBDBD",
    "transparentColor": "#000000",
    "interlace": "None",
    "intensity": "Undefined",
    "compose": "Over",
    "pageGeometry": {
      "width": 600,
      "height": 338,
      "x": 0,
      "y": 0
    },
    "dispose": "Undefined",
    "iterations": 0,
    "compression": "JPEG",
    "orientation": "Undefined",
    "properties": {
      "comment": "Lavc60.31.102",
      "date:create": "2025-07-13T08:00:50+00:00",
      "date:modify": "2025-07-13T08:00:50+00:00",
      "jpeg:colorspace": "2",
      "jpeg:sampling-factor": "2x2,1x1,1x1",
      "signature": "b1bc9bae66330b2b5c5a8c62e564e929e2844d8170638a36a995a69f678bd064"
    },
    "tainted": false,
    "filesize": "11711B",
    "numberPixels": "202800",
    "pixelsPerSecond": "125.702MB",
    "userTime": "0.000u",
    "elapsedTime": "0:01.001",
    "version": "ImageMagick 6.9.11-60 Q16 x86_64 2021-01-25 https://imagemagick.org"
  }
}
]