[{
  "version": "1.0",
  "image": {
    "name": "/var/www/imageconvert_usr/data/www/imageconvert.org/image/public/uploadt/ezgif-frame-113.jpg",
    "format": "json",
    "formatDescription": "The image format and characteristics",
    "mimeType": "application/json",
    "class": "DirectClass",
    "geometry": {
      "width": 600,
      "height": 338,
      "x": 0,
      "y": 0
    },
    "units": "Undefined",
    "type": "TrueColor",
    "endianness": "Undefined",
    "colorspace": "sRGB",
    "depth": 8,
    "baseDepth": 8,
    "channelDepth": {
      "red": 8,
      "green": 8,
      "blue": 8
    },
    "pixels": 202800,
    "imageStatistics": {
      "all": {
        "min": 0,
        "max": 255,
        "mean": 103.092,
        "standardDeviation": 50.2048,
        "kurtosis": -0.752478,
        "skewness": -0.318473,
        "entropy": 0.929182
      }
    },
    "channelStatistics": {
      "red": {
        "min": 0,
        "max": 255,
        "mean": 104.162,
        "standardDeviation": 49.9712,
        "kurtosis": -0.699941,
        "skewness": -0.312229,
        "entropy": 0.932021
      },
      "green": {
        "min": 0,
        "max": 255,
        "mean": 102.395,
        "standardDeviation": 50.4928,
        "kurtosis": -0.777275,
        "skewness": -0.316251,
        "entropy": 0.929543
      },
      "blue": {
        "min": 0,
        "max": 255,
        "mean": 102.72,
        "standardDeviation": 50.1506,
        "kurtosis": -0.78167,
        "skewness": -0.3262,
        "entropy": 0.925982
      }
    },
    "renderingIntent": "Perceptual",
    "gamma": 0.454545,
    "chromaticity": {
      "redPrimary": {
        "x": 0.64,
        "y": 0.33
      },
      "greenPrimary": {
        "x": 0.3,
        "y": 0.6
      },
      "bluePrimary": {
        "x": 0.15,
        "y": 0.06
      },
      "whitePrimary": {
        "x": 0.3127,
        "y": 0.329
      }
    },
    "backgroundColor": "#FFFFFF",
    "borderColor": "#DFDFDF",
    "matteColor": "#BDBDBD",
    "transparentColor": "#000000",
    "interlace": "None",
    "intensity": "Undefined",
    "compose": "Over",
    "pageGeometry": {
      "width": 600,
      "height": 338,
      "x": 0,
      "y": 0
    },
    "dispose": "Undefined",
    "iterations": 0,
    "compression": "JPEG",
    "orientation": "Undefined",
    "properties": {
      "comment": "Lavc60.31.102",
      "date:create": "2025-07-13T08:01:01+00:00",
      "date:modify": "2025-07-13T08:01:01+00:00",
      "jpeg:colorspace": "2",
      "jpeg:sampling-factor": "2x2,1x1,1x1",
      "signature": "e518dd882c49c00e3dcd4f8629e132d2ce67510a4cc2939009d209517a71991c"
    },
    "tainted": false,
    "filesize": "12024B",
    "numberPixels": "202800",
    "pixelsPerSecond": "121.948MB",
    "userTime": "0.000u",
    "elapsedTime": "0:01.001",
    "version": "ImageMagick 6.9.11-60 Q16 x86_64 2021-01-25 https://imagemagick.org"
  }
}
]