[{
  "version": "1.0",
  "image": {
    "name": "/var/www/imageconvert_usr/data/www/imageconvert.org/image/public/uploadt/ezgif-frame-116.jpg",
    "format": "json",
    "formatDescription": "The image format and characteristics",
    "mimeType": "application/json",
    "class": "DirectClass",
    "geometry": {
      "width": 600,
      "height": 338,
      "x": 0,
      "y": 0
    },
    "units": "Undefined",
    "type": "TrueColor",
    "endianness": "Undefined",
    "colorspace": "sRGB",
    "depth": 8,
    "baseDepth": 8,
    "channelDepth": {
      "red": 8,
      "green": 8,
      "blue": 8
    },
    "pixels": 202800,
    "imageStatistics": {
      "all": {
        "min": 0,
        "max": 255,
        "mean": 101.688,
        "standardDeviation": 50.2875,
        "kurtosis": -0.787441,
        "skewness": -0.328187,
        "entropy": 0.928758
      }
    },
    "channelStatistics": {
      "red": {
        "min": 0,
        "max": 255,
        "mean": 102.761,
        "standardDeviation": 49.977,
        "kurtosis": -0.733736,
        "skewness": -0.317642,
        "entropy": 0.931624
      },
      "green": {
        "min": 0,
        "max": 255,
        "mean": 100.972,
        "standardDeviation": 50.5561,
        "kurtosis": -0.810677,
        "skewness": -0.326104,
        "entropy": 0.929098
      },
      "blue": {
        "min": 0,
        "max": 255,
        "mean": 101.332,
        "standardDeviation": 50.3293,
        "kurtosis": -0.81965,
        "skewness": -0.339661,
        "entropy": 0.925551
      }
    },
    "renderingIntent": "Perceptual",
    "gamma": 0.454545,
    "chromaticity": {
      "redPrimary": {
        "x": 0.64,
        "y": 0.33
      },
      "greenPrimary": {
        "x": 0.3,
        "y": 0.6
      },
      "bluePrimary": {
        "x": 0.15,
        "y": 0.06
      },
      "whitePrimary": {
        "x": 0.3127,
        "y": 0.329
      }
    },
    "backgroundColor": "#FFFFFF",
    "borderColor": "#DFDFDF",
    "matteColor": "#BDBDBD",
    "transparentColor": "#000000",
    "interlace": "None",
    "intensity": "Undefined",
    "compose": "Over",
    "pageGeometry": {
      "width": 600,
      "height": 338,
      "x": 0,
      "y": 0
    },
    "dispose": "Undefined",
    "iterations": 0,
    "compression": "JPEG",
    "orientation": "Undefined",
    "properties": {
      "comment": "Lavc60.31.102",
      "date:create": "2025-07-13T08:01:02+00:00",
      "date:modify": "2025-07-13T08:01:02+00:00",
      "jpeg:colorspace": "2",
      "jpeg:sampling-factor": "2x2,1x1,1x1",
      "signature": "8c43d5f51d0a91c1c8945c2cabe3e5f3b3ea52afebb9328ab980ecf90a1335c8"
    },
    "tainted": false,
    "filesize": "11871B",
    "numberPixels": "202800",
    "pixelsPerSecond": "109.788MB",
    "userTime": "0.000u",
    "elapsedTime": "0:01.001",
    "version": "ImageMagick 6.9.11-60 Q16 x86_64 2021-01-25 https://imagemagick.org"
  }
}
]