[{
  "version": "1.0",
  "image": {
    "name": "/var/www/imageconvert_usr/data/www/imageconvert.org/image/public/uploadt/ezgif-frame-084.jpg",
    "format": "json",
    "formatDescription": "The image format and characteristics",
    "mimeType": "application/json",
    "class": "DirectClass",
    "geometry": {
      "width": 600,
      "height": 338,
      "x": 0,
      "y": 0
    },
    "units": "Undefined",
    "type": "TrueColor",
    "endianness": "Undefined",
    "colorspace": "sRGB",
    "depth": 8,
    "baseDepth": 8,
    "channelDepth": {
      "red": 8,
      "green": 8,
      "blue": 8
    },
    "pixels": 202800,
    "imageStatistics": {
      "all": {
        "min": 0,
        "max": 255,
        "mean": 107.009,
        "standardDeviation": 50.5668,
        "kurtosis": -0.782824,
        "skewness": -0.383195,
        "entropy": 0.929375
      }
    },
    "channelStatistics": {
      "red": {
        "min": 0,
        "max": 255,
        "mean": 108.608,
        "standardDeviation": 50.2383,
        "kurtosis": -0.7089,
        "skewness": -0.381106,
        "entropy": 0.932971
      },
      "green": {
        "min": 0,
        "max": 255,
        "mean": 106.22,
        "standardDeviation": 50.8593,
        "kurtosis": -0.81243,
        "skewness": -0.382732,
        "entropy": 0.928864
      },
      "blue": {
        "min": 0,
        "max": 255,
        "mean": 106.198,
        "standardDeviation": 50.6029,
        "kurtosis": -0.829161,
        "skewness": -0.384708,
        "entropy": 0.926292
      }
    },
    "renderingIntent": "Perceptual",
    "gamma": 0.454545,
    "chromaticity": {
      "redPrimary": {
        "x": 0.64,
        "y": 0.33
      },
      "greenPrimary": {
        "x": 0.3,
        "y": 0.6
      },
      "bluePrimary": {
        "x": 0.15,
        "y": 0.06
      },
      "whitePrimary": {
        "x": 0.3127,
        "y": 0.329
      }
    },
    "backgroundColor": "#FFFFFF",
    "borderColor": "#DFDFDF",
    "matteColor": "#BDBDBD",
    "transparentColor": "#000000",
    "interlace": "None",
    "intensity": "Undefined",
    "compose": "Over",
    "pageGeometry": {
      "width": 600,
      "height": 338,
      "x": 0,
      "y": 0
    },
    "dispose": "Undefined",
    "iterations": 0,
    "compression": "JPEG",
    "orientation": "Undefined",
    "properties": {
      "comment": "Lavc60.31.102",
      "date:create": "2025-07-13T08:00:58+00:00",
      "date:modify": "2025-07-13T08:00:58+00:00",
      "jpeg:colorspace": "2",
      "jpeg:sampling-factor": "2x2,1x1,1x1",
      "signature": "5eca3da8153c3069c5c404eb80877be3c11d676d1bb22a2b0291dd1d3a4fd058"
    },
    "tainted": false,
    "filesize": "12191B",
    "numberPixels": "202800",
    "pixelsPerSecond": "117.635MB",
    "userTime": "0.000u",
    "elapsedTime": "0:01.001",
    "version": "ImageMagick 6.9.11-60 Q16 x86_64 2021-01-25 https://imagemagick.org"
  }
}
]