[{
  "version": "1.0",
  "image": {
    "name": "/var/www/imageconvert_usr/data/www/imageconvert.org/image/public/uploadt/ezgif-frame-012.jpg",
    "format": "json",
    "formatDescription": "The image format and characteristics",
    "mimeType": "application/json",
    "class": "DirectClass",
    "geometry": {
      "width": 600,
      "height": 338,
      "x": 0,
      "y": 0
    },
    "units": "Undefined",
    "type": "TrueColor",
    "endianness": "Undefined",
    "colorspace": "sRGB",
    "depth": 8,
    "baseDepth": 8,
    "channelDepth": {
      "red": 8,
      "green": 8,
      "blue": 8
    },
    "pixels": 202800,
    "imageStatistics": {
      "all": {
        "min": 0,
        "max": 255,
        "mean": 116.291,
        "standardDeviation": 47.9687,
        "kurtosis": -0.36535,
        "skewness": -0.501052,
        "entropy": 0.925195
      }
    },
    "channelStatistics": {
      "red": {
        "min": 0,
        "max": 255,
        "mean": 117.008,
        "standardDeviation": 48.4411,
        "kurtosis": -0.375669,
        "skewness": -0.485551,
        "entropy": 0.927207
      },
      "green": {
        "min": 0,
        "max": 255,
        "mean": 116.023,
        "standardDeviation": 48.2162,
        "kurtosis": -0.373179,
        "skewness": -0.507005,
        "entropy": 0.926009
      },
      "blue": {
        "min": 0,
        "max": 255,
        "mean": 115.842,
        "standardDeviation": 47.2488,
        "kurtosis": -0.349639,
        "skewness": -0.513041,
        "entropy": 0.922371
      }
    },
    "renderingIntent": "Perceptual",
    "gamma": 0.454545,
    "chromaticity": {
      "redPrimary": {
        "x": 0.64,
        "y": 0.33
      },
      "greenPrimary": {
        "x": 0.3,
        "y": 0.6
      },
      "bluePrimary": {
        "x": 0.15,
        "y": 0.06
      },
      "whitePrimary": {
        "x": 0.3127,
        "y": 0.329
      }
    },
    "backgroundColor": "#FFFFFF",
    "borderColor": "#DFDFDF",
    "matteColor": "#BDBDBD",
    "transparentColor": "#000000",
    "interlace": "None",
    "intensity": "Undefined",
    "compose": "Over",
    "pageGeometry": {
      "width": 600,
      "height": 338,
      "x": 0,
      "y": 0
    },
    "dispose": "Undefined",
    "iterations": 0,
    "compression": "JPEG",
    "orientation": "Undefined",
    "properties": {
      "comment": "Lavc60.31.102",
      "date:create": "2025-07-13T08:00:49+00:00",
      "date:modify": "2025-07-13T08:00:49+00:00",
      "jpeg:colorspace": "2",
      "jpeg:sampling-factor": "2x2,1x1,1x1",
      "signature": "bc3d62ba717bafaafb2c9979ff8f52b344ca7f5230bb55e37eba05291f62ed62"
    },
    "tainted": false,
    "filesize": "11567B",
    "numberPixels": "202800",
    "pixelsPerSecond": "110.714MB",
    "userTime": "0.000u",
    "elapsedTime": "0:01.001",
    "version": "ImageMagick 6.9.11-60 Q16 x86_64 2021-01-25 https://imagemagick.org"
  }
}
]