[{
  "version": "1.0",
  "image": {
    "name": "/var/www/imageconvert_usr/data/www/imageconvert.org/image/public/uploadt/ezgif-frame-077.jpg",
    "format": "json",
    "formatDescription": "The image format and characteristics",
    "mimeType": "application/json",
    "class": "DirectClass",
    "geometry": {
      "width": 600,
      "height": 338,
      "x": 0,
      "y": 0
    },
    "units": "Undefined",
    "type": "TrueColor",
    "endianness": "Undefined",
    "colorspace": "sRGB",
    "depth": 8,
    "baseDepth": 8,
    "channelDepth": {
      "red": 8,
      "green": 8,
      "blue": 8
    },
    "pixels": 202800,
    "imageStatistics": {
      "all": {
        "min": 0,
        "max": 255,
        "mean": 108.639,
        "standardDeviation": 50.5613,
        "kurtosis": -0.760866,
        "skewness": -0.432317,
        "entropy": 0.92876
      }
    },
    "channelStatistics": {
      "red": {
        "min": 0,
        "max": 255,
        "mean": 110.36,
        "standardDeviation": 50.152,
        "kurtosis": -0.690679,
        "skewness": -0.424496,
        "entropy": 0.93266
      },
      "green": {
        "min": 0,
        "max": 255,
        "mean": 107.962,
        "standardDeviation": 50.8386,
        "kurtosis": -0.793882,
        "skewness": -0.435366,
        "entropy": 0.928257
      },
      "blue": {
        "min": 0,
        "max": 255,
        "mean": 107.594,
        "standardDeviation": 50.6932,
        "kurtosis": -0.801741,
        "skewness": -0.435512,
        "entropy": 0.925362
      }
    },
    "renderingIntent": "Perceptual",
    "gamma": 0.454545,
    "chromaticity": {
      "redPrimary": {
        "x": 0.64,
        "y": 0.33
      },
      "greenPrimary": {
        "x": 0.3,
        "y": 0.6
      },
      "bluePrimary": {
        "x": 0.15,
        "y": 0.06
      },
      "whitePrimary": {
        "x": 0.3127,
        "y": 0.329
      }
    },
    "backgroundColor": "#FFFFFF",
    "borderColor": "#DFDFDF",
    "matteColor": "#BDBDBD",
    "transparentColor": "#000000",
    "interlace": "None",
    "intensity": "Undefined",
    "compose": "Over",
    "pageGeometry": {
      "width": 600,
      "height": 338,
      "x": 0,
      "y": 0
    },
    "dispose": "Undefined",
    "iterations": 0,
    "compression": "JPEG",
    "orientation": "Undefined",
    "properties": {
      "comment": "Lavc60.31.102",
      "date:create": "2025-07-13T08:00:57+00:00",
      "date:modify": "2025-07-13T08:00:57+00:00",
      "jpeg:colorspace": "2",
      "jpeg:sampling-factor": "2x2,1x1,1x1",
      "signature": "15ba4fc324f6bf84e5e5b5ed5d0340cf7aab100287661eb2902c3720d8f879f2"
    },
    "tainted": false,
    "filesize": "12070B",
    "numberPixels": "202800",
    "pixelsPerSecond": "100.289MB",
    "userTime": "0.000u",
    "elapsedTime": "0:01.002",
    "version": "ImageMagick 6.9.11-60 Q16 x86_64 2021-01-25 https://imagemagick.org"
  }
}
]