[{
  "version": "1.0",
  "image": {
    "name": "/var/www/imageconvert_usr/data/www/imageconvert.org/image/public/uploadt/ezgif-frame-109.jpg",
    "format": "json",
    "formatDescription": "The image format and characteristics",
    "mimeType": "application/json",
    "class": "DirectClass",
    "geometry": {
      "width": 600,
      "height": 338,
      "x": 0,
      "y": 0
    },
    "units": "Undefined",
    "type": "TrueColor",
    "endianness": "Undefined",
    "colorspace": "sRGB",
    "depth": 8,
    "baseDepth": 8,
    "channelDepth": {
      "red": 8,
      "green": 8,
      "blue": 8
    },
    "pixels": 202800,
    "imageStatistics": {
      "all": {
        "min": 0,
        "max": 255,
        "mean": 104.679,
        "standardDeviation": 50.2085,
        "kurtosis": -0.740073,
        "skewness": -0.313307,
        "entropy": 0.929247
      }
    },
    "channelStatistics": {
      "red": {
        "min": 0,
        "max": 255,
        "mean": 105.832,
        "standardDeviation": 49.9955,
        "kurtosis": -0.687853,
        "skewness": -0.305971,
        "entropy": 0.932312
      },
      "green": {
        "min": 0,
        "max": 255,
        "mean": 103.975,
        "standardDeviation": 50.5356,
        "kurtosis": -0.768374,
        "skewness": -0.313279,
        "entropy": 0.929901
      },
      "blue": {
        "min": 0,
        "max": 255,
        "mean": 104.23,
        "standardDeviation": 50.0945,
        "kurtosis": -0.76595,
        "skewness": -0.319963,
        "entropy": 0.925528
      }
    },
    "renderingIntent": "Perceptual",
    "gamma": 0.454545,
    "chromaticity": {
      "redPrimary": {
        "x": 0.64,
        "y": 0.33
      },
      "greenPrimary": {
        "x": 0.3,
        "y": 0.6
      },
      "bluePrimary": {
        "x": 0.15,
        "y": 0.06
      },
      "whitePrimary": {
        "x": 0.3127,
        "y": 0.329
      }
    },
    "backgroundColor": "#FFFFFF",
    "borderColor": "#DFDFDF",
    "matteColor": "#BDBDBD",
    "transparentColor": "#000000",
    "interlace": "None",
    "intensity": "Undefined",
    "compose": "Over",
    "pageGeometry": {
      "width": 600,
      "height": 338,
      "x": 0,
      "y": 0
    },
    "dispose": "Undefined",
    "iterations": 0,
    "compression": "JPEG",
    "orientation": "Undefined",
    "properties": {
      "comment": "Lavc60.31.102",
      "date:create": "2025-07-13T08:01:01+00:00",
      "date:modify": "2025-07-13T08:01:01+00:00",
      "jpeg:colorspace": "2",
      "jpeg:sampling-factor": "2x2,1x1,1x1",
      "signature": "1eb59d26a5a3b87922705c9dd0275a3464e4125ac8ffb2703834841c63e3a13a"
    },
    "tainted": false,
    "filesize": "11862B",
    "numberPixels": "202800",
    "pixelsPerSecond": "119.253MB",
    "userTime": "0.010u",
    "elapsedTime": "0:01.001",
    "version": "ImageMagick 6.9.11-60 Q16 x86_64 2021-01-25 https://imagemagick.org"
  }
}
]