[{
  "version": "1.0",
  "image": {
    "name": "/var/www/imageconvert_usr/data/www/imageconvert.org/image/public/uploadt/ezgif-frame-007.jpg",
    "format": "json",
    "formatDescription": "The image format and characteristics",
    "mimeType": "application/json",
    "class": "DirectClass",
    "geometry": {
      "width": 600,
      "height": 338,
      "x": 0,
      "y": 0
    },
    "units": "Undefined",
    "type": "TrueColor",
    "endianness": "Undefined",
    "colorspace": "sRGB",
    "depth": 8,
    "baseDepth": 8,
    "channelDepth": {
      "red": 8,
      "green": 8,
      "blue": 8
    },
    "pixels": 202800,
    "imageStatistics": {
      "all": {
        "min": 0,
        "max": 255,
        "mean": 117.845,
        "standardDeviation": 48.4046,
        "kurtosis": -0.265785,
        "skewness": -0.585589,
        "entropy": 0.924538
      }
    },
    "channelStatistics": {
      "red": {
        "min": 0,
        "max": 255,
        "mean": 118.36,
        "standardDeviation": 48.8192,
        "kurtosis": -0.267071,
        "skewness": -0.5703,
        "entropy": 0.92692
      },
      "green": {
        "min": 0,
        "max": 255,
        "mean": 117.531,
        "standardDeviation": 48.7169,
        "kurtosis": -0.270458,
        "skewness": -0.59134,
        "entropy": 0.925003
      },
      "blue": {
        "min": 0,
        "max": 255,
        "mean": 117.643,
        "standardDeviation": 47.6776,
        "kurtosis": -0.263594,
        "skewness": -0.596407,
        "entropy": 0.921692
      }
    },
    "renderingIntent": "Perceptual",
    "gamma": 0.454545,
    "chromaticity": {
      "redPrimary": {
        "x": 0.64,
        "y": 0.33
      },
      "greenPrimary": {
        "x": 0.3,
        "y": 0.6
      },
      "bluePrimary": {
        "x": 0.15,
        "y": 0.06
      },
      "whitePrimary": {
        "x": 0.3127,
        "y": 0.329
      }
    },
    "backgroundColor": "#FFFFFF",
    "borderColor": "#DFDFDF",
    "matteColor": "#BDBDBD",
    "transparentColor": "#000000",
    "interlace": "None",
    "intensity": "Undefined",
    "compose": "Over",
    "pageGeometry": {
      "width": 600,
      "height": 338,
      "x": 0,
      "y": 0
    },
    "dispose": "Undefined",
    "iterations": 0,
    "compression": "JPEG",
    "quality": 65,
    "orientation": "Undefined",
    "properties": {
      "comment": "Lavc60.31.102",
      "date:create": "2025-07-13T08:00:48+00:00",
      "date:modify": "2025-07-13T08:00:48+00:00",
      "jpeg:colorspace": "2",
      "jpeg:sampling-factor": "2x2,1x1,1x1",
      "signature": "dffed1275eb531614cbaa11467702eeeedc025eb6a00a898c31caeb3bc0e6a08"
    },
    "tainted": false,
    "filesize": "19717B",
    "numberPixels": "202800",
    "pixelsPerSecond": "109.805MB",
    "userTime": "0.010u",
    "elapsedTime": "0:01.001",
    "version": "ImageMagick 6.9.11-60 Q16 x86_64 2021-01-25 https://imagemagick.org"
  }
}
]