[{
  "version": "1.0",
  "image": {
    "name": "/var/www/imageconvert_usr/data/www/imageconvert.org/image/public/uploadt/ezgif-frame-025.jpg",
    "format": "json",
    "formatDescription": "The image format and characteristics",
    "mimeType": "application/json",
    "class": "DirectClass",
    "geometry": {
      "width": 600,
      "height": 338,
      "x": 0,
      "y": 0
    },
    "units": "Undefined",
    "type": "TrueColor",
    "endianness": "Undefined",
    "colorspace": "sRGB",
    "depth": 8,
    "baseDepth": 8,
    "channelDepth": {
      "red": 8,
      "green": 8,
      "blue": 8
    },
    "pixels": 202800,
    "imageStatistics": {
      "all": {
        "min": 0,
        "max": 255,
        "mean": 112.555,
        "standardDeviation": 48.8224,
        "kurtosis": -0.507574,
        "skewness": -0.384594,
        "entropy": 0.932705
      }
    },
    "channelStatistics": {
      "red": {
        "min": 0,
        "max": 255,
        "mean": 113.481,
        "standardDeviation": 49.398,
        "kurtosis": -0.510184,
        "skewness": -0.370176,
        "entropy": 0.935214
      },
      "green": {
        "min": 0,
        "max": 255,
        "mean": 112.358,
        "standardDeviation": 49.0082,
        "kurtosis": -0.515917,
        "skewness": -0.396655,
        "entropy": 0.932638
      },
      "blue": {
        "min": 0,
        "max": 255,
        "mean": 111.826,
        "standardDeviation": 48.0611,
        "kurtosis": -0.500143,
        "skewness": -0.390353,
        "entropy": 0.930264
      }
    },
    "renderingIntent": "Perceptual",
    "gamma": 0.454545,
    "chromaticity": {
      "redPrimary": {
        "x": 0.64,
        "y": 0.33
      },
      "greenPrimary": {
        "x": 0.3,
        "y": 0.6
      },
      "bluePrimary": {
        "x": 0.15,
        "y": 0.06
      },
      "whitePrimary": {
        "x": 0.3127,
        "y": 0.329
      }
    },
    "backgroundColor": "#FFFFFF",
    "borderColor": "#DFDFDF",
    "matteColor": "#BDBDBD",
    "transparentColor": "#000000",
    "interlace": "None",
    "intensity": "Undefined",
    "compose": "Over",
    "pageGeometry": {
      "width": 600,
      "height": 338,
      "x": 0,
      "y": 0
    },
    "dispose": "Undefined",
    "iterations": 0,
    "compression": "JPEG",
    "orientation": "Undefined",
    "properties": {
      "comment": "Lavc60.31.102",
      "date:create": "2025-07-13T08:00:51+00:00",
      "date:modify": "2025-07-13T08:00:51+00:00",
      "jpeg:colorspace": "2",
      "jpeg:sampling-factor": "2x2,1x1,1x1",
      "signature": "2349ac5b8c087012f28f613a9135e55f77df5670e8686c909d925968ce1873d7"
    },
    "tainted": false,
    "filesize": "11907B",
    "numberPixels": "202800",
    "pixelsPerSecond": "110.472MB",
    "userTime": "0.000u",
    "elapsedTime": "0:01.001",
    "version": "ImageMagick 6.9.11-60 Q16 x86_64 2021-01-25 https://imagemagick.org"
  }
}
]