[{
  "version": "1.0",
  "image": {
    "name": "/var/www/imageconvert_usr/data/www/imageconvert.org/image/public/uploadt/ezgif-frame-134.jpg",
    "format": "json",
    "formatDescription": "The image format and characteristics",
    "mimeType": "application/json",
    "class": "DirectClass",
    "geometry": {
      "width": 600,
      "height": 338,
      "x": 0,
      "y": 0
    },
    "units": "Undefined",
    "type": "TrueColor",
    "endianness": "Undefined",
    "colorspace": "sRGB",
    "depth": 8,
    "baseDepth": 8,
    "channelDepth": {
      "red": 8,
      "green": 8,
      "blue": 8
    },
    "pixels": 202800,
    "imageStatistics": {
      "all": {
        "min": 0,
        "max": 255,
        "mean": 97.5326,
        "standardDeviation": 52.2227,
        "kurtosis": -0.890097,
        "skewness": -0.160026,
        "entropy": 0.936896
      }
    },
    "channelStatistics": {
      "red": {
        "min": 0,
        "max": 255,
        "mean": 98.9352,
        "standardDeviation": 51.633,
        "kurtosis": -0.842424,
        "skewness": -0.143884,
        "entropy": 0.94039
      },
      "green": {
        "min": 0,
        "max": 255,
        "mean": 96.731,
        "standardDeviation": 52.6965,
        "kurtosis": -0.919997,
        "skewness": -0.16106,
        "entropy": 0.937145
      },
      "blue": {
        "min": 0,
        "max": 255,
        "mean": 96.9315,
        "standardDeviation": 52.3387,
        "kurtosis": -0.911369,
        "skewness": -0.171904,
        "entropy": 0.933153
      }
    },
    "renderingIntent": "Perceptual",
    "gamma": 0.454545,
    "chromaticity": {
      "redPrimary": {
        "x": 0.64,
        "y": 0.33
      },
      "greenPrimary": {
        "x": 0.3,
        "y": 0.6
      },
      "bluePrimary": {
        "x": 0.15,
        "y": 0.06
      },
      "whitePrimary": {
        "x": 0.3127,
        "y": 0.329
      }
    },
    "backgroundColor": "#FFFFFF",
    "borderColor": "#DFDFDF",
    "matteColor": "#BDBDBD",
    "transparentColor": "#000000",
    "interlace": "None",
    "intensity": "Undefined",
    "compose": "Over",
    "pageGeometry": {
      "width": 600,
      "height": 338,
      "x": 0,
      "y": 0
    },
    "dispose": "Undefined",
    "iterations": 0,
    "compression": "JPEG",
    "orientation": "Undefined",
    "properties": {
      "comment": "Lavc60.31.102",
      "date:create": "2025-07-13T08:01:04+00:00",
      "date:modify": "2025-07-13T08:01:04+00:00",
      "jpeg:colorspace": "2",
      "jpeg:sampling-factor": "2x2,1x1,1x1",
      "signature": "57ada0c67ca4ff8aae479147f9798cb1c5d0c8e4e75f22d5cdcf16b172cbeed1"
    },
    "tainted": false,
    "filesize": "11698B",
    "numberPixels": "202800",
    "pixelsPerSecond": "131.401MB",
    "userTime": "0.010u",
    "elapsedTime": "0:01.001",
    "version": "ImageMagick 6.9.11-60 Q16 x86_64 2021-01-25 https://imagemagick.org"
  }
}
]