[{
  "version": "1.0",
  "image": {
    "name": "/var/www/imageconvert_usr/data/www/imageconvert.org/image/public/uploadt/ezgif-frame-063.jpg",
    "format": "json",
    "formatDescription": "The image format and characteristics",
    "mimeType": "application/json",
    "class": "DirectClass",
    "geometry": {
      "width": 600,
      "height": 338,
      "x": 0,
      "y": 0
    },
    "units": "Undefined",
    "type": "TrueColor",
    "endianness": "Undefined",
    "colorspace": "sRGB",
    "depth": 8,
    "baseDepth": 8,
    "channelDepth": {
      "red": 8,
      "green": 8,
      "blue": 8
    },
    "pixels": 202800,
    "imageStatistics": {
      "all": {
        "min": 0,
        "max": 255,
        "mean": 112.676,
        "standardDeviation": 49.5258,
        "kurtosis": -0.580603,
        "skewness": -0.501867,
        "entropy": 0.92843
      }
    },
    "channelStatistics": {
      "red": {
        "min": 0,
        "max": 255,
        "mean": 114.198,
        "standardDeviation": 49.4944,
        "kurtosis": -0.534178,
        "skewness": -0.488367,
        "entropy": 0.931952
      },
      "green": {
        "min": 0,
        "max": 255,
        "mean": 112.466,
        "standardDeviation": 49.7856,
        "kurtosis": -0.601318,
        "skewness": -0.504233,
        "entropy": 0.928865
      },
      "blue": {
        "min": 0,
        "max": 255,
        "mean": 111.366,
        "standardDeviation": 49.2976,
        "kurtosis": -0.611294,
        "skewness": -0.514812,
        "entropy": 0.924472
      }
    },
    "renderingIntent": "Perceptual",
    "gamma": 0.454545,
    "chromaticity": {
      "redPrimary": {
        "x": 0.64,
        "y": 0.33
      },
      "greenPrimary": {
        "x": 0.3,
        "y": 0.6
      },
      "bluePrimary": {
        "x": 0.15,
        "y": 0.06
      },
      "whitePrimary": {
        "x": 0.3127,
        "y": 0.329
      }
    },
    "backgroundColor": "#FFFFFF",
    "borderColor": "#DFDFDF",
    "matteColor": "#BDBDBD",
    "transparentColor": "#000000",
    "interlace": "None",
    "intensity": "Undefined",
    "compose": "Over",
    "pageGeometry": {
      "width": 600,
      "height": 338,
      "x": 0,
      "y": 0
    },
    "dispose": "Undefined",
    "iterations": 0,
    "compression": "JPEG",
    "orientation": "Undefined",
    "properties": {
      "comment": "Lavc60.31.102",
      "date:create": "2025-07-13T08:00:55+00:00",
      "date:modify": "2025-07-13T08:00:55+00:00",
      "jpeg:colorspace": "2",
      "jpeg:sampling-factor": "2x2,1x1,1x1",
      "signature": "ea13dedc0ef7dc5eaea145b31cf08c75fc34cc6964d836480e335932a63d074e"
    },
    "tainted": false,
    "filesize": "11520B",
    "numberPixels": "202800",
    "pixelsPerSecond": "115.218MB",
    "userTime": "0.000u",
    "elapsedTime": "0:01.001",
    "version": "ImageMagick 6.9.11-60 Q16 x86_64 2021-01-25 https://imagemagick.org"
  }
}
]