[{
  "version": "1.0",
  "image": {
    "name": "/var/www/imageconvert_usr/data/www/imageconvert.org/image/public/uploadt/ezgif-frame-036.jpg",
    "format": "json",
    "formatDescription": "The image format and characteristics",
    "mimeType": "application/json",
    "class": "DirectClass",
    "geometry": {
      "width": 600,
      "height": 338,
      "x": 0,
      "y": 0
    },
    "units": "Undefined",
    "type": "TrueColor",
    "endianness": "Undefined",
    "colorspace": "sRGB",
    "depth": 8,
    "baseDepth": 8,
    "channelDepth": {
      "red": 8,
      "green": 8,
      "blue": 8
    },
    "pixels": 202800,
    "imageStatistics": {
      "all": {
        "min": 0,
        "max": 255,
        "mean": 110.479,
        "standardDeviation": 48.9633,
        "kurtosis": -0.622232,
        "skewness": -0.44464,
        "entropy": 0.929675
      }
    },
    "channelStatistics": {
      "red": {
        "min": 0,
        "max": 255,
        "mean": 111.601,
        "standardDeviation": 49.5022,
        "kurtosis": -0.614683,
        "skewness": -0.433205,
        "entropy": 0.932918
      },
      "green": {
        "min": 0,
        "max": 255,
        "mean": 109.99,
        "standardDeviation": 49.116,
        "kurtosis": -0.629913,
        "skewness": -0.455996,
        "entropy": 0.92873
      },
      "blue": {
        "min": 0,
        "max": 255,
        "mean": 109.845,
        "standardDeviation": 48.2718,
        "kurtosis": -0.626317,
        "skewness": -0.447865,
        "entropy": 0.927377
      }
    },
    "renderingIntent": "Perceptual",
    "gamma": 0.454545,
    "chromaticity": {
      "redPrimary": {
        "x": 0.64,
        "y": 0.33
      },
      "greenPrimary": {
        "x": 0.3,
        "y": 0.6
      },
      "bluePrimary": {
        "x": 0.15,
        "y": 0.06
      },
      "whitePrimary": {
        "x": 0.3127,
        "y": 0.329
      }
    },
    "backgroundColor": "#FFFFFF",
    "borderColor": "#DFDFDF",
    "matteColor": "#BDBDBD",
    "transparentColor": "#000000",
    "interlace": "None",
    "intensity": "Undefined",
    "compose": "Over",
    "pageGeometry": {
      "width": 600,
      "height": 338,
      "x": 0,
      "y": 0
    },
    "dispose": "Undefined",
    "iterations": 0,
    "compression": "JPEG",
    "orientation": "Undefined",
    "properties": {
      "comment": "Lavc60.31.102",
      "date:create": "2025-07-13T08:00:52+00:00",
      "date:modify": "2025-07-13T08:00:52+00:00",
      "jpeg:colorspace": "2",
      "jpeg:sampling-factor": "2x2,1x1,1x1",
      "signature": "3da9903481efdbfba7b0628b1d5ccd45a12a50c9b008cdd89d40bf89cc4a8bf6"
    },
    "tainted": false,
    "filesize": "12129B",
    "numberPixels": "202800",
    "pixelsPerSecond": "130.583MB",
    "userTime": "0.000u",
    "elapsedTime": "0:01.001",
    "version": "ImageMagick 6.9.11-60 Q16 x86_64 2021-01-25 https://imagemagick.org"
  }
}
]