[{
  "version": "1.0",
  "image": {
    "name": "/var/www/imageconvert_usr/data/www/imageconvert.org/image/public/uploadt/ezgif-frame-059.jpg",
    "format": "json",
    "formatDescription": "The image format and characteristics",
    "mimeType": "application/json",
    "class": "DirectClass",
    "geometry": {
      "width": 600,
      "height": 338,
      "x": 0,
      "y": 0
    },
    "units": "Undefined",
    "type": "TrueColor",
    "endianness": "Undefined",
    "colorspace": "sRGB",
    "depth": 8,
    "baseDepth": 8,
    "channelDepth": {
      "red": 8,
      "green": 8,
      "blue": 8
    },
    "pixels": 202800,
    "imageStatistics": {
      "all": {
        "min": 0,
        "max": 255,
        "mean": 112.344,
        "standardDeviation": 49.416,
        "kurtosis": -0.568338,
        "skewness": -0.485334,
        "entropy": 0.929257
      }
    },
    "channelStatistics": {
      "red": {
        "min": 0,
        "max": 255,
        "mean": 114.161,
        "standardDeviation": 49.5038,
        "kurtosis": -0.535774,
        "skewness": -0.474339,
        "entropy": 0.932243
      },
      "green": {
        "min": 0,
        "max": 255,
        "mean": 111.892,
        "standardDeviation": 49.6739,
        "kurtosis": -0.584202,
        "skewness": -0.487837,
        "entropy": 0.92939
      },
      "blue": {
        "min": 0,
        "max": 255,
        "mean": 110.978,
        "standardDeviation": 49.0703,
        "kurtosis": -0.590592,
        "skewness": -0.496912,
        "entropy": 0.926139
      }
    },
    "renderingIntent": "Perceptual",
    "gamma": 0.454545,
    "chromaticity": {
      "redPrimary": {
        "x": 0.64,
        "y": 0.33
      },
      "greenPrimary": {
        "x": 0.3,
        "y": 0.6
      },
      "bluePrimary": {
        "x": 0.15,
        "y": 0.06
      },
      "whitePrimary": {
        "x": 0.3127,
        "y": 0.329
      }
    },
    "backgroundColor": "#FFFFFF",
    "borderColor": "#DFDFDF",
    "matteColor": "#BDBDBD",
    "transparentColor": "#000000",
    "interlace": "None",
    "intensity": "Undefined",
    "compose": "Over",
    "pageGeometry": {
      "width": 600,
      "height": 338,
      "x": 0,
      "y": 0
    },
    "dispose": "Undefined",
    "iterations": 0,
    "compression": "JPEG",
    "orientation": "Undefined",
    "properties": {
      "comment": "Lavc60.31.102",
      "date:create": "2025-07-13T08:00:55+00:00",
      "date:modify": "2025-07-13T08:00:55+00:00",
      "jpeg:colorspace": "2",
      "jpeg:sampling-factor": "2x2,1x1,1x1",
      "signature": "9958e28395e05c832af038482e7792c411865a304f4a0057302ac89ef9ac4225"
    },
    "tainted": false,
    "filesize": "11595B",
    "numberPixels": "202800",
    "pixelsPerSecond": "140.01MB",
    "userTime": "0.000u",
    "elapsedTime": "0:01.001",
    "version": "ImageMagick 6.9.11-60 Q16 x86_64 2021-01-25 https://imagemagick.org"
  }
}
]