[{
  "version": "1.0",
  "image": {
    "name": "/var/www/imageconvert_usr/data/www/imageconvert.org/image/public/uploadt/ezgif-frame-122.jpg",
    "format": "json",
    "formatDescription": "The image format and characteristics",
    "mimeType": "application/json",
    "class": "DirectClass",
    "geometry": {
      "width": 600,
      "height": 338,
      "x": 0,
      "y": 0
    },
    "units": "Undefined",
    "type": "TrueColor",
    "endianness": "Undefined",
    "colorspace": "sRGB",
    "depth": 8,
    "baseDepth": 8,
    "channelDepth": {
      "red": 8,
      "green": 8,
      "blue": 8
    },
    "pixels": 202800,
    "imageStatistics": {
      "all": {
        "min": 0,
        "max": 255,
        "mean": 99.8737,
        "standardDeviation": 51.0024,
        "kurtosis": -0.814452,
        "skewness": -0.293996,
        "entropy": 0.931198
      }
    },
    "channelStatistics": {
      "red": {
        "min": 0,
        "max": 255,
        "mean": 101.063,
        "standardDeviation": 50.584,
        "kurtosis": -0.765301,
        "skewness": -0.282948,
        "entropy": 0.934173
      },
      "green": {
        "min": 0,
        "max": 255,
        "mean": 99.1354,
        "standardDeviation": 51.3355,
        "kurtosis": -0.837195,
        "skewness": -0.29073,
        "entropy": 0.931544
      },
      "blue": {
        "min": 0,
        "max": 255,
        "mean": 99.4225,
        "standardDeviation": 51.0878,
        "kurtosis": -0.843137,
        "skewness": -0.306562,
        "entropy": 0.927876
      }
    },
    "renderingIntent": "Perceptual",
    "gamma": 0.454545,
    "chromaticity": {
      "redPrimary": {
        "x": 0.64,
        "y": 0.33
      },
      "greenPrimary": {
        "x": 0.3,
        "y": 0.6
      },
      "bluePrimary": {
        "x": 0.15,
        "y": 0.06
      },
      "whitePrimary": {
        "x": 0.3127,
        "y": 0.329
      }
    },
    "backgroundColor": "#FFFFFF",
    "borderColor": "#DFDFDF",
    "matteColor": "#BDBDBD",
    "transparentColor": "#000000",
    "interlace": "None",
    "intensity": "Undefined",
    "compose": "Over",
    "pageGeometry": {
      "width": 600,
      "height": 338,
      "x": 0,
      "y": 0
    },
    "dispose": "Undefined",
    "iterations": 0,
    "compression": "JPEG",
    "orientation": "Undefined",
    "properties": {
      "comment": "Lavc60.31.102",
      "date:create": "2025-07-13T08:01:02+00:00",
      "date:modify": "2025-07-13T08:01:02+00:00",
      "jpeg:colorspace": "2",
      "jpeg:sampling-factor": "2x2,1x1,1x1",
      "signature": "3428088354c995bc2b26bf6d8eda749f10289ea9388e1f650a28ea7b09abb3cc"
    },
    "tainted": false,
    "filesize": "11881B",
    "numberPixels": "202800",
    "pixelsPerSecond": "102.094MB",
    "userTime": "0.010u",
    "elapsedTime": "0:01.001",
    "version": "ImageMagick 6.9.11-60 Q16 x86_64 2021-01-25 https://imagemagick.org"
  }
}
]