[{
  "version": "1.0",
  "image": {
    "name": "/var/www/imageconvert_usr/data/www/imageconvert.org/image/public/uploadt/ezgif-frame-085.jpg",
    "format": "json",
    "formatDescription": "The image format and characteristics",
    "mimeType": "application/json",
    "class": "DirectClass",
    "geometry": {
      "width": 600,
      "height": 338,
      "x": 0,
      "y": 0
    },
    "units": "Undefined",
    "type": "TrueColor",
    "endianness": "Undefined",
    "colorspace": "sRGB",
    "depth": 8,
    "baseDepth": 8,
    "channelDepth": {
      "red": 8,
      "green": 8,
      "blue": 8
    },
    "pixels": 202800,
    "imageStatistics": {
      "all": {
        "min": 0,
        "max": 255,
        "mean": 107.103,
        "standardDeviation": 50.5479,
        "kurtosis": -0.772424,
        "skewness": -0.382468,
        "entropy": 0.929248
      }
    },
    "channelStatistics": {
      "red": {
        "min": 0,
        "max": 255,
        "mean": 108.667,
        "standardDeviation": 50.2476,
        "kurtosis": -0.699914,
        "skewness": -0.380435,
        "entropy": 0.933057
      },
      "green": {
        "min": 0,
        "max": 255,
        "mean": 106.309,
        "standardDeviation": 50.8275,
        "kurtosis": -0.802731,
        "skewness": -0.383251,
        "entropy": 0.928518
      },
      "blue": {
        "min": 0,
        "max": 255,
        "mean": 106.334,
        "standardDeviation": 50.5687,
        "kurtosis": -0.816554,
        "skewness": -0.382812,
        "entropy": 0.926168
      }
    },
    "renderingIntent": "Perceptual",
    "gamma": 0.454545,
    "chromaticity": {
      "redPrimary": {
        "x": 0.64,
        "y": 0.33
      },
      "greenPrimary": {
        "x": 0.3,
        "y": 0.6
      },
      "bluePrimary": {
        "x": 0.15,
        "y": 0.06
      },
      "whitePrimary": {
        "x": 0.3127,
        "y": 0.329
      }
    },
    "backgroundColor": "#FFFFFF",
    "borderColor": "#DFDFDF",
    "matteColor": "#BDBDBD",
    "transparentColor": "#000000",
    "interlace": "None",
    "intensity": "Undefined",
    "compose": "Over",
    "pageGeometry": {
      "width": 600,
      "height": 338,
      "x": 0,
      "y": 0
    },
    "dispose": "Undefined",
    "iterations": 0,
    "compression": "JPEG",
    "orientation": "Undefined",
    "properties": {
      "comment": "Lavc60.31.102",
      "date:create": "2025-07-13T08:00:58+00:00",
      "date:modify": "2025-07-13T08:00:58+00:00",
      "jpeg:colorspace": "2",
      "jpeg:sampling-factor": "2x2,1x1,1x1",
      "signature": "86aad29415534a9dc71bac1f0e0d0e1ba0217a29384f8ba02c7a60e1170fbe8f"
    },
    "tainted": false,
    "filesize": "12160B",
    "numberPixels": "202800",
    "pixelsPerSecond": "110.389MB",
    "userTime": "0.000u",
    "elapsedTime": "0:01.001",
    "version": "ImageMagick 6.9.11-60 Q16 x86_64 2021-01-25 https://imagemagick.org"
  }
}
]