[{
  "version": "1.0",
  "image": {
    "name": "/var/www/imageconvert_usr/data/www/imageconvert.org/image/public/uploadt/ezgif-frame-128.jpg",
    "format": "json",
    "formatDescription": "The image format and characteristics",
    "mimeType": "application/json",
    "class": "DirectClass",
    "geometry": {
      "width": 600,
      "height": 338,
      "x": 0,
      "y": 0
    },
    "units": "Undefined",
    "type": "TrueColor",
    "endianness": "Undefined",
    "colorspace": "sRGB",
    "depth": 8,
    "baseDepth": 8,
    "channelDepth": {
      "red": 8,
      "green": 8,
      "blue": 8
    },
    "pixels": 202800,
    "imageStatistics": {
      "all": {
        "min": 0,
        "max": 255,
        "mean": 98.4948,
        "standardDeviation": 51.3477,
        "kurtosis": -0.843501,
        "skewness": -0.231117,
        "entropy": 0.932765
      }
    },
    "channelStatistics": {
      "red": {
        "min": 0,
        "max": 255,
        "mean": 99.9328,
        "standardDeviation": 50.7332,
        "kurtosis": -0.791436,
        "skewness": -0.220082,
        "entropy": 0.935921
      },
      "green": {
        "min": 0,
        "max": 255,
        "mean": 97.6333,
        "standardDeviation": 51.7228,
        "kurtosis": -0.867836,
        "skewness": -0.229663,
        "entropy": 0.932713
      },
      "blue": {
        "min": 0,
        "max": 255,
        "mean": 97.9183,
        "standardDeviation": 51.587,
        "kurtosis": -0.874255,
        "skewness": -0.240413,
        "entropy": 0.92966
      }
    },
    "renderingIntent": "Perceptual",
    "gamma": 0.454545,
    "chromaticity": {
      "redPrimary": {
        "x": 0.64,
        "y": 0.33
      },
      "greenPrimary": {
        "x": 0.3,
        "y": 0.6
      },
      "bluePrimary": {
        "x": 0.15,
        "y": 0.06
      },
      "whitePrimary": {
        "x": 0.3127,
        "y": 0.329
      }
    },
    "backgroundColor": "#FFFFFF",
    "borderColor": "#DFDFDF",
    "matteColor": "#BDBDBD",
    "transparentColor": "#000000",
    "interlace": "None",
    "intensity": "Undefined",
    "compose": "Over",
    "pageGeometry": {
      "width": 600,
      "height": 338,
      "x": 0,
      "y": 0
    },
    "dispose": "Undefined",
    "iterations": 0,
    "compression": "JPEG",
    "orientation": "Undefined",
    "properties": {
      "comment": "Lavc60.31.102",
      "date:create": "2025-07-13T08:01:03+00:00",
      "date:modify": "2025-07-13T08:01:03+00:00",
      "jpeg:colorspace": "2",
      "jpeg:sampling-factor": "2x2,1x1,1x1",
      "signature": "7ffbd1f3bccf17ccb668a72e5dabd0797b5f8eadb3479e01bad7ccdc20db862b"
    },
    "tainted": false,
    "filesize": "11794B",
    "numberPixels": "202800",
    "pixelsPerSecond": "141.523MB",
    "userTime": "0.010u",
    "elapsedTime": "0:01.001",
    "version": "ImageMagick 6.9.11-60 Q16 x86_64 2021-01-25 https://imagemagick.org"
  }
}
]