[{
  "version": "1.0",
  "image": {
    "name": "/var/www/imageconvert_usr/data/www/imageconvert.org/image/public/uploadt/ezgif-frame-130.jpg",
    "format": "json",
    "formatDescription": "The image format and characteristics",
    "mimeType": "application/json",
    "class": "DirectClass",
    "geometry": {
      "width": 600,
      "height": 338,
      "x": 0,
      "y": 0
    },
    "units": "Undefined",
    "type": "TrueColor",
    "endianness": "Undefined",
    "colorspace": "sRGB",
    "depth": 8,
    "baseDepth": 8,
    "channelDepth": {
      "red": 8,
      "green": 8,
      "blue": 8
    },
    "pixels": 202800,
    "imageStatistics": {
      "all": {
        "min": 0,
        "max": 255,
        "mean": 97.7766,
        "standardDeviation": 51.6526,
        "kurtosis": -0.86989,
        "skewness": -0.196192,
        "entropy": 0.934406
      }
    },
    "channelStatistics": {
      "red": {
        "min": 0,
        "max": 255,
        "mean": 99.2471,
        "standardDeviation": 51.003,
        "kurtosis": -0.81586,
        "skewness": -0.184202,
        "entropy": 0.937816
      },
      "green": {
        "min": 0,
        "max": 255,
        "mean": 96.9483,
        "standardDeviation": 52.0795,
        "kurtosis": -0.900015,
        "skewness": -0.194919,
        "entropy": 0.934564
      },
      "blue": {
        "min": 0,
        "max": 255,
        "mean": 97.1344,
        "standardDeviation": 51.8754,
        "kurtosis": -0.896804,
        "skewness": -0.20596,
        "entropy": 0.93084
      }
    },
    "renderingIntent": "Perceptual",
    "gamma": 0.454545,
    "chromaticity": {
      "redPrimary": {
        "x": 0.64,
        "y": 0.33
      },
      "greenPrimary": {
        "x": 0.3,
        "y": 0.6
      },
      "bluePrimary": {
        "x": 0.15,
        "y": 0.06
      },
      "whitePrimary": {
        "x": 0.3127,
        "y": 0.329
      }
    },
    "backgroundColor": "#FFFFFF",
    "borderColor": "#DFDFDF",
    "matteColor": "#BDBDBD",
    "transparentColor": "#000000",
    "interlace": "None",
    "intensity": "Undefined",
    "compose": "Over",
    "pageGeometry": {
      "width": 600,
      "height": 338,
      "x": 0,
      "y": 0
    },
    "dispose": "Undefined",
    "iterations": 0,
    "compression": "JPEG",
    "orientation": "Undefined",
    "properties": {
      "comment": "Lavc60.31.102",
      "date:create": "2025-07-13T08:01:03+00:00",
      "date:modify": "2025-07-13T08:01:03+00:00",
      "jpeg:colorspace": "2",
      "jpeg:sampling-factor": "2x2,1x1,1x1",
      "signature": "29e131eb5fb2cadcedcb808afaaecae066ab8fba9f1ef16134ce094fbbc1feb2"
    },
    "tainted": false,
    "filesize": "11859B",
    "numberPixels": "202800",
    "pixelsPerSecond": "119.59MB",
    "userTime": "0.000u",
    "elapsedTime": "0:01.001",
    "version": "ImageMagick 6.9.11-60 Q16 x86_64 2021-01-25 https://imagemagick.org"
  }
}
]