[{
  "version": "1.0",
  "image": {
    "name": "/var/www/imageconvert_usr/data/www/imageconvert.org/image/public/uploadt/ezgif-frame-140.jpg",
    "format": "json",
    "formatDescription": "The image format and characteristics",
    "mimeType": "application/json",
    "class": "DirectClass",
    "geometry": {
      "width": 600,
      "height": 338,
      "x": 0,
      "y": 0
    },
    "units": "Undefined",
    "type": "TrueColor",
    "endianness": "Undefined",
    "colorspace": "sRGB",
    "depth": 8,
    "baseDepth": 8,
    "channelDepth": {
      "red": 8,
      "green": 8,
      "blue": 8
    },
    "pixels": 202800,
    "imageStatistics": {
      "all": {
        "min": 0,
        "max": 255,
        "mean": 97.818,
        "standardDeviation": 51.8971,
        "kurtosis": -0.847232,
        "skewness": -0.143856,
        "entropy": 0.937905
      }
    },
    "channelStatistics": {
      "red": {
        "min": 0,
        "max": 255,
        "mean": 99.0757,
        "standardDeviation": 51.5192,
        "kurtosis": -0.811792,
        "skewness": -0.127194,
        "entropy": 0.94144
      },
      "green": {
        "min": 0,
        "max": 255,
        "mean": 97.0117,
        "standardDeviation": 52.3425,
        "kurtosis": -0.878894,
        "skewness": -0.147572,
        "entropy": 0.938184
      },
      "blue": {
        "min": 0,
        "max": 255,
        "mean": 97.3666,
        "standardDeviation": 51.8295,
        "kurtosis": -0.85429,
        "skewness": -0.15477,
        "entropy": 0.934091
      }
    },
    "renderingIntent": "Perceptual",
    "gamma": 0.454545,
    "chromaticity": {
      "redPrimary": {
        "x": 0.64,
        "y": 0.33
      },
      "greenPrimary": {
        "x": 0.3,
        "y": 0.6
      },
      "bluePrimary": {
        "x": 0.15,
        "y": 0.06
      },
      "whitePrimary": {
        "x": 0.3127,
        "y": 0.329
      }
    },
    "backgroundColor": "#FFFFFF",
    "borderColor": "#DFDFDF",
    "matteColor": "#BDBDBD",
    "transparentColor": "#000000",
    "interlace": "None",
    "intensity": "Undefined",
    "compose": "Over",
    "pageGeometry": {
      "width": 600,
      "height": 338,
      "x": 0,
      "y": 0
    },
    "dispose": "Undefined",
    "iterations": 0,
    "compression": "JPEG",
    "orientation": "Undefined",
    "properties": {
      "comment": "Lavc60.31.102",
      "date:create": "2025-07-13T08:01:04+00:00",
      "date:modify": "2025-07-13T08:01:04+00:00",
      "jpeg:colorspace": "2",
      "jpeg:sampling-factor": "2x2,1x1,1x1",
      "signature": "c2a72276caae505fff26e3f8801bef63b84edbc882afa7dfa834e8d5ebda4702"
    },
    "tainted": false,
    "filesize": "11510B",
    "numberPixels": "202800",
    "pixelsPerSecond": "99.1768MB",
    "userTime": "0.010u",
    "elapsedTime": "0:01.002",
    "version": "ImageMagick 6.9.11-60 Q16 x86_64 2021-01-25 https://imagemagick.org"
  }
}
]