[{
  "version": "1.0",
  "image": {
    "name": "/var/www/imageconvert_usr/data/www/imageconvert.org/image/public/uploadt/ezgif-frame-094.jpg",
    "format": "json",
    "formatDescription": "The image format and characteristics",
    "mimeType": "application/json",
    "class": "DirectClass",
    "geometry": {
      "width": 600,
      "height": 338,
      "x": 0,
      "y": 0
    },
    "units": "Undefined",
    "type": "TrueColor",
    "endianness": "Undefined",
    "colorspace": "sRGB",
    "depth": 8,
    "baseDepth": 8,
    "channelDepth": {
      "red": 8,
      "green": 8,
      "blue": 8
    },
    "pixels": 202800,
    "imageStatistics": {
      "all": {
        "min": 0,
        "max": 255,
        "mean": 107.1,
        "standardDeviation": 50.1838,
        "kurtosis": -0.761863,
        "skewness": -0.367757,
        "entropy": 0.92931
      }
    },
    "channelStatistics": {
      "red": {
        "min": 0,
        "max": 255,
        "mean": 108.457,
        "standardDeviation": 49.9409,
        "kurtosis": -0.70126,
        "skewness": -0.36424,
        "entropy": 0.932325
      },
      "green": {
        "min": 0,
        "max": 255,
        "mean": 106.364,
        "standardDeviation": 50.5475,
        "kurtosis": -0.789427,
        "skewness": -0.366029,
        "entropy": 0.929397
      },
      "blue": {
        "min": 0,
        "max": 255,
        "mean": 106.478,
        "standardDeviation": 50.0631,
        "kurtosis": -0.797106,
        "skewness": -0.372351,
        "entropy": 0.926208
      }
    },
    "renderingIntent": "Perceptual",
    "gamma": 0.454545,
    "chromaticity": {
      "redPrimary": {
        "x": 0.64,
        "y": 0.33
      },
      "greenPrimary": {
        "x": 0.3,
        "y": 0.6
      },
      "bluePrimary": {
        "x": 0.15,
        "y": 0.06
      },
      "whitePrimary": {
        "x": 0.3127,
        "y": 0.329
      }
    },
    "backgroundColor": "#FFFFFF",
    "borderColor": "#DFDFDF",
    "matteColor": "#BDBDBD",
    "transparentColor": "#000000",
    "interlace": "None",
    "intensity": "Undefined",
    "compose": "Over",
    "pageGeometry": {
      "width": 600,
      "height": 338,
      "x": 0,
      "y": 0
    },
    "dispose": "Undefined",
    "iterations": 0,
    "compression": "JPEG",
    "orientation": "Undefined",
    "properties": {
      "comment": "Lavc60.31.102",
      "date:create": "2025-07-13T08:00:59+00:00",
      "date:modify": "2025-07-13T08:00:59+00:00",
      "jpeg:colorspace": "2",
      "jpeg:sampling-factor": "2x2,1x1,1x1",
      "signature": "236fb5de6d992fdd74b897f90eea30f091e022594caef22584554ed158d4222c"
    },
    "tainted": false,
    "filesize": "12195B",
    "numberPixels": "202800",
    "pixelsPerSecond": "99.7844MB",
    "userTime": "0.000u",
    "elapsedTime": "0:01.002",
    "version": "ImageMagick 6.9.11-60 Q16 x86_64 2021-01-25 https://imagemagick.org"
  }
}
]