[{
  "version": "1.0",
  "image": {
    "name": "/var/www/imageconvert_usr/data/www/imageconvert.org/image/public/uploadt/ezgif-frame-013.jpg",
    "format": "json",
    "formatDescription": "The image format and characteristics",
    "mimeType": "application/json",
    "class": "DirectClass",
    "geometry": {
      "width": 600,
      "height": 338,
      "x": 0,
      "y": 0
    },
    "units": "Undefined",
    "type": "TrueColor",
    "endianness": "Undefined",
    "colorspace": "sRGB",
    "depth": 8,
    "baseDepth": 8,
    "channelDepth": {
      "red": 8,
      "green": 8,
      "blue": 8
    },
    "pixels": 202800,
    "imageStatistics": {
      "all": {
        "min": 0,
        "max": 255,
        "mean": 116.283,
        "standardDeviation": 47.8737,
        "kurtosis": -0.376394,
        "skewness": -0.48168,
        "entropy": 0.92619
      }
    },
    "channelStatistics": {
      "red": {
        "min": 0,
        "max": 255,
        "mean": 117.019,
        "standardDeviation": 48.3541,
        "kurtosis": -0.384903,
        "skewness": -0.466563,
        "entropy": 0.928633
      },
      "green": {
        "min": 0,
        "max": 255,
        "mean": 116.019,
        "standardDeviation": 48.1358,
        "kurtosis": -0.38699,
        "skewness": -0.486534,
        "entropy": 0.92663
      },
      "blue": {
        "min": 0,
        "max": 255,
        "mean": 115.812,
        "standardDeviation": 47.1313,
        "kurtosis": -0.35987,
        "skewness": -0.494561,
        "entropy": 0.923309
      }
    },
    "renderingIntent": "Perceptual",
    "gamma": 0.454545,
    "chromaticity": {
      "redPrimary": {
        "x": 0.64,
        "y": 0.33
      },
      "greenPrimary": {
        "x": 0.3,
        "y": 0.6
      },
      "bluePrimary": {
        "x": 0.15,
        "y": 0.06
      },
      "whitePrimary": {
        "x": 0.3127,
        "y": 0.329
      }
    },
    "backgroundColor": "#FFFFFF",
    "borderColor": "#DFDFDF",
    "matteColor": "#BDBDBD",
    "transparentColor": "#000000",
    "interlace": "None",
    "intensity": "Undefined",
    "compose": "Over",
    "pageGeometry": {
      "width": 600,
      "height": 338,
      "x": 0,
      "y": 0
    },
    "dispose": "Undefined",
    "iterations": 0,
    "compression": "JPEG",
    "orientation": "Undefined",
    "properties": {
      "comment": "Lavc60.31.102",
      "date:create": "2025-07-13T08:00:49+00:00",
      "date:modify": "2025-07-13T08:00:49+00:00",
      "jpeg:colorspace": "2",
      "jpeg:sampling-factor": "2x2,1x1,1x1",
      "signature": "e92d549d89a5f2f8acabf0b47a03d2644c871dbeb709cf3c1652f9ae9101c1bf"
    },
    "tainted": false,
    "filesize": "11424B",
    "numberPixels": "202800",
    "pixelsPerSecond": "124.491MB",
    "userTime": "0.010u",
    "elapsedTime": "0:01.001",
    "version": "ImageMagick 6.9.11-60 Q16 x86_64 2021-01-25 https://imagemagick.org"
  }
}
]