[{
  "version": "1.0",
  "image": {
    "name": "/var/www/imageconvert_usr/data/www/imageconvert.org/image/public/uploadt/ezgif-frame-118.jpg",
    "format": "json",
    "formatDescription": "The image format and characteristics",
    "mimeType": "application/json",
    "class": "DirectClass",
    "geometry": {
      "width": 600,
      "height": 338,
      "x": 0,
      "y": 0
    },
    "units": "Undefined",
    "type": "TrueColor",
    "endianness": "Undefined",
    "colorspace": "sRGB",
    "depth": 8,
    "baseDepth": 8,
    "channelDepth": {
      "red": 8,
      "green": 8,
      "blue": 8
    },
    "pixels": 202800,
    "imageStatistics": {
      "all": {
        "min": 0,
        "max": 255,
        "mean": 101.188,
        "standardDeviation": 50.3103,
        "kurtosis": -0.778241,
        "skewness": -0.318134,
        "entropy": 0.929741
      }
    },
    "channelStatistics": {
      "red": {
        "min": 0,
        "max": 255,
        "mean": 102.298,
        "standardDeviation": 50.0242,
        "kurtosis": -0.73168,
        "skewness": -0.307536,
        "entropy": 0.932996
      },
      "green": {
        "min": 0,
        "max": 255,
        "mean": 100.475,
        "standardDeviation": 50.5983,
        "kurtosis": -0.803386,
        "skewness": -0.315632,
        "entropy": 0.929783
      },
      "blue": {
        "min": 0,
        "max": 255,
        "mean": 100.79,
        "standardDeviation": 50.3083,
        "kurtosis": -0.801743,
        "skewness": -0.330192,
        "entropy": 0.926442
      }
    },
    "renderingIntent": "Perceptual",
    "gamma": 0.454545,
    "chromaticity": {
      "redPrimary": {
        "x": 0.64,
        "y": 0.33
      },
      "greenPrimary": {
        "x": 0.3,
        "y": 0.6
      },
      "bluePrimary": {
        "x": 0.15,
        "y": 0.06
      },
      "whitePrimary": {
        "x": 0.3127,
        "y": 0.329
      }
    },
    "backgroundColor": "#FFFFFF",
    "borderColor": "#DFDFDF",
    "matteColor": "#BDBDBD",
    "transparentColor": "#000000",
    "interlace": "None",
    "intensity": "Undefined",
    "compose": "Over",
    "pageGeometry": {
      "width": 600,
      "height": 338,
      "x": 0,
      "y": 0
    },
    "dispose": "Undefined",
    "iterations": 0,
    "compression": "JPEG",
    "orientation": "Undefined",
    "properties": {
      "comment": "Lavc60.31.102",
      "date:create": "2025-07-13T08:01:02+00:00",
      "date:modify": "2025-07-13T08:01:02+00:00",
      "jpeg:colorspace": "2",
      "jpeg:sampling-factor": "2x2,1x1,1x1",
      "signature": "3bfe15f36cc80044a8de9ae93c348f19cef48a868b1894e97bb99867b6b3351a"
    },
    "tainted": false,
    "filesize": "11926B",
    "numberPixels": "202800",
    "pixelsPerSecond": "127.779MB",
    "userTime": "0.000u",
    "elapsedTime": "0:01.001",
    "version": "ImageMagick 6.9.11-60 Q16 x86_64 2021-01-25 https://imagemagick.org"
  }
}
]