[{
  "version": "1.0",
  "image": {
    "name": "/var/www/imageconvert_usr/data/www/imageconvert.org/image/public/uploadt/ezgif-frame-039.jpg",
    "format": "json",
    "formatDescription": "The image format and characteristics",
    "mimeType": "application/json",
    "class": "DirectClass",
    "geometry": {
      "width": 600,
      "height": 338,
      "x": 0,
      "y": 0
    },
    "units": "Undefined",
    "type": "TrueColor",
    "endianness": "Undefined",
    "colorspace": "sRGB",
    "depth": 8,
    "baseDepth": 8,
    "channelDepth": {
      "red": 8,
      "green": 8,
      "blue": 8
    },
    "pixels": 202800,
    "imageStatistics": {
      "all": {
        "min": 0,
        "max": 255,
        "mean": 109.617,
        "standardDeviation": 49.4171,
        "kurtosis": -0.656237,
        "skewness": -0.42577,
        "entropy": 0.930654
      }
    },
    "channelStatistics": {
      "red": {
        "min": 0,
        "max": 255,
        "mean": 110.813,
        "standardDeviation": 49.9785,
        "kurtosis": -0.641942,
        "skewness": -0.417408,
        "entropy": 0.933484
      },
      "green": {
        "min": 0,
        "max": 255,
        "mean": 109.09,
        "standardDeviation": 49.5835,
        "kurtosis": -0.665911,
        "skewness": -0.435129,
        "entropy": 0.930438
      },
      "blue": {
        "min": 0,
        "max": 255,
        "mean": 108.949,
        "standardDeviation": 48.6893,
        "kurtosis": -0.665638,
        "skewness": -0.428032,
        "entropy": 0.928041
      }
    },
    "renderingIntent": "Perceptual",
    "gamma": 0.454545,
    "chromaticity": {
      "redPrimary": {
        "x": 0.64,
        "y": 0.33
      },
      "greenPrimary": {
        "x": 0.3,
        "y": 0.6
      },
      "bluePrimary": {
        "x": 0.15,
        "y": 0.06
      },
      "whitePrimary": {
        "x": 0.3127,
        "y": 0.329
      }
    },
    "backgroundColor": "#FFFFFF",
    "borderColor": "#DFDFDF",
    "matteColor": "#BDBDBD",
    "transparentColor": "#000000",
    "interlace": "None",
    "intensity": "Undefined",
    "compose": "Over",
    "pageGeometry": {
      "width": 600,
      "height": 338,
      "x": 0,
      "y": 0
    },
    "dispose": "Undefined",
    "iterations": 0,
    "compression": "JPEG",
    "orientation": "Undefined",
    "properties": {
      "comment": "Lavc60.31.102",
      "date:create": "2025-07-13T08:00:52+00:00",
      "date:modify": "2025-07-13T08:00:52+00:00",
      "jpeg:colorspace": "2",
      "jpeg:sampling-factor": "2x2,1x1,1x1",
      "signature": "4f5154317c71eca2d120a235938bb0c65b6ba8ac07edd7894cc596e175bd2353"
    },
    "tainted": false,
    "filesize": "12146B",
    "numberPixels": "202800",
    "pixelsPerSecond": "134.377MB",
    "userTime": "0.010u",
    "elapsedTime": "0:01.001",
    "version": "ImageMagick 6.9.11-60 Q16 x86_64 2021-01-25 https://imagemagick.org"
  }
}
]