[{
  "version": "1.0",
  "image": {
    "name": "/var/www/imageconvert_usr/data/www/imageconvert.org/image/public/uploadt/ezgif-frame-024.jpg",
    "format": "json",
    "formatDescription": "The image format and characteristics",
    "mimeType": "application/json",
    "class": "DirectClass",
    "geometry": {
      "width": 600,
      "height": 338,
      "x": 0,
      "y": 0
    },
    "units": "Undefined",
    "type": "TrueColor",
    "endianness": "Undefined",
    "colorspace": "sRGB",
    "depth": 8,
    "baseDepth": 8,
    "channelDepth": {
      "red": 8,
      "green": 8,
      "blue": 8
    },
    "pixels": 202800,
    "imageStatistics": {
      "all": {
        "min": 0,
        "max": 255,
        "mean": 112.61,
        "standardDeviation": 48.7442,
        "kurtosis": -0.505938,
        "skewness": -0.376214,
        "entropy": 0.932223
      }
    },
    "channelStatistics": {
      "red": {
        "min": 0,
        "max": 255,
        "mean": 113.505,
        "standardDeviation": 49.3484,
        "kurtosis": -0.512827,
        "skewness": -0.363335,
        "entropy": 0.934909
      },
      "green": {
        "min": 0,
        "max": 255,
        "mean": 112.401,
        "standardDeviation": 48.931,
        "kurtosis": -0.512735,
        "skewness": -0.388325,
        "entropy": 0.932341
      },
      "blue": {
        "min": 0,
        "max": 255,
        "mean": 111.924,
        "standardDeviation": 47.9533,
        "kurtosis": -0.495464,
        "skewness": -0.38022,
        "entropy": 0.929418
      }
    },
    "renderingIntent": "Perceptual",
    "gamma": 0.454545,
    "chromaticity": {
      "redPrimary": {
        "x": 0.64,
        "y": 0.33
      },
      "greenPrimary": {
        "x": 0.3,
        "y": 0.6
      },
      "bluePrimary": {
        "x": 0.15,
        "y": 0.06
      },
      "whitePrimary": {
        "x": 0.3127,
        "y": 0.329
      }
    },
    "backgroundColor": "#FFFFFF",
    "borderColor": "#DFDFDF",
    "matteColor": "#BDBDBD",
    "transparentColor": "#000000",
    "interlace": "None",
    "intensity": "Undefined",
    "compose": "Over",
    "pageGeometry": {
      "width": 600,
      "height": 338,
      "x": 0,
      "y": 0
    },
    "dispose": "Undefined",
    "iterations": 0,
    "compression": "JPEG",
    "orientation": "Undefined",
    "properties": {
      "comment": "Lavc60.31.102",
      "date:create": "2025-07-13T08:00:50+00:00",
      "date:modify": "2025-07-13T08:00:50+00:00",
      "jpeg:colorspace": "2",
      "jpeg:sampling-factor": "2x2,1x1,1x1",
      "signature": "c11f6744f740016e763cb382a4d64b41e54edd53bfc105d58d4a050dc045dfef"
    },
    "tainted": false,
    "filesize": "11865B",
    "numberPixels": "202800",
    "pixelsPerSecond": "23.5983MB",
    "userTime": "0.010u",
    "elapsedTime": "0:01.008",
    "version": "ImageMagick 6.9.11-60 Q16 x86_64 2021-01-25 https://imagemagick.org"
  }
}
]