[{
  "version": "1.0",
  "image": {
    "name": "/var/www/imageconvert_usr/data/www/imageconvert.org/image/public/uploadt/ezgif-frame-011.jpg",
    "format": "json",
    "formatDescription": "The image format and characteristics",
    "mimeType": "application/json",
    "class": "DirectClass",
    "geometry": {
      "width": 600,
      "height": 338,
      "x": 0,
      "y": 0
    },
    "units": "Undefined",
    "type": "TrueColor",
    "endianness": "Undefined",
    "colorspace": "sRGB",
    "depth": 8,
    "baseDepth": 8,
    "channelDepth": {
      "red": 8,
      "green": 8,
      "blue": 8
    },
    "pixels": 202800,
    "imageStatistics": {
      "all": {
        "min": 0,
        "max": 255,
        "mean": 116.323,
        "standardDeviation": 48.1671,
        "kurtosis": -0.365021,
        "skewness": -0.510258,
        "entropy": 0.926393
      }
    },
    "channelStatistics": {
      "red": {
        "min": 0,
        "max": 255,
        "mean": 117.011,
        "standardDeviation": 48.6401,
        "kurtosis": -0.376279,
        "skewness": -0.49446,
        "entropy": 0.92845
      },
      "green": {
        "min": 0,
        "max": 255,
        "mean": 116.069,
        "standardDeviation": 48.398,
        "kurtosis": -0.369493,
        "skewness": -0.516891,
        "entropy": 0.926895
      },
      "blue": {
        "min": 0,
        "max": 255,
        "mean": 115.89,
        "standardDeviation": 47.4633,
        "kurtosis": -0.351736,
        "skewness": -0.521751,
        "entropy": 0.923835
      }
    },
    "renderingIntent": "Perceptual",
    "gamma": 0.454545,
    "chromaticity": {
      "redPrimary": {
        "x": 0.64,
        "y": 0.33
      },
      "greenPrimary": {
        "x": 0.3,
        "y": 0.6
      },
      "bluePrimary": {
        "x": 0.15,
        "y": 0.06
      },
      "whitePrimary": {
        "x": 0.3127,
        "y": 0.329
      }
    },
    "backgroundColor": "#FFFFFF",
    "borderColor": "#DFDFDF",
    "matteColor": "#BDBDBD",
    "transparentColor": "#000000",
    "interlace": "None",
    "intensity": "Undefined",
    "compose": "Over",
    "pageGeometry": {
      "width": 600,
      "height": 338,
      "x": 0,
      "y": 0
    },
    "dispose": "Undefined",
    "iterations": 0,
    "compression": "JPEG",
    "orientation": "Undefined",
    "properties": {
      "comment": "Lavc60.31.102",
      "date:create": "2025-07-13T08:00:49+00:00",
      "date:modify": "2025-07-13T08:00:49+00:00",
      "jpeg:colorspace": "2",
      "jpeg:sampling-factor": "2x2,1x1,1x1",
      "signature": "040567b9a40c3736b2358bec75e3d698c49f75983d93c4e15817e62280f8ee3f"
    },
    "tainted": false,
    "filesize": "12461B",
    "numberPixels": "202800",
    "pixelsPerSecond": "118.084MB",
    "userTime": "0.000u",
    "elapsedTime": "0:01.001",
    "version": "ImageMagick 6.9.11-60 Q16 x86_64 2021-01-25 https://imagemagick.org"
  }
}
]