[{
  "version": "1.0",
  "image": {
    "name": "/var/www/imageconvert_usr/data/www/imageconvert.org/image/public/uploadt/ezgif-frame-089.jpg",
    "format": "json",
    "formatDescription": "The image format and characteristics",
    "mimeType": "application/json",
    "class": "DirectClass",
    "geometry": {
      "width": 600,
      "height": 338,
      "x": 0,
      "y": 0
    },
    "units": "Undefined",
    "type": "TrueColor",
    "endianness": "Undefined",
    "colorspace": "sRGB",
    "depth": 8,
    "baseDepth": 8,
    "channelDepth": {
      "red": 8,
      "green": 8,
      "blue": 8
    },
    "pixels": 202800,
    "imageStatistics": {
      "all": {
        "min": 0,
        "max": 255,
        "mean": 106.871,
        "standardDeviation": 50.4963,
        "kurtosis": -0.769933,
        "skewness": -0.370837,
        "entropy": 0.929793
      }
    },
    "channelStatistics": {
      "red": {
        "min": 0,
        "max": 255,
        "mean": 108.337,
        "standardDeviation": 50.2304,
        "kurtosis": -0.704702,
        "skewness": -0.36617,
        "entropy": 0.93338
      },
      "green": {
        "min": 0,
        "max": 255,
        "mean": 106.108,
        "standardDeviation": 50.7998,
        "kurtosis": -0.799672,
        "skewness": -0.370538,
        "entropy": 0.929421
      },
      "blue": {
        "min": 0,
        "max": 255,
        "mean": 106.169,
        "standardDeviation": 50.4587,
        "kurtosis": -0.807764,
        "skewness": -0.375025,
        "entropy": 0.926577
      }
    },
    "renderingIntent": "Perceptual",
    "gamma": 0.454545,
    "chromaticity": {
      "redPrimary": {
        "x": 0.64,
        "y": 0.33
      },
      "greenPrimary": {
        "x": 0.3,
        "y": 0.6
      },
      "bluePrimary": {
        "x": 0.15,
        "y": 0.06
      },
      "whitePrimary": {
        "x": 0.3127,
        "y": 0.329
      }
    },
    "backgroundColor": "#FFFFFF",
    "borderColor": "#DFDFDF",
    "matteColor": "#BDBDBD",
    "transparentColor": "#000000",
    "interlace": "None",
    "intensity": "Undefined",
    "compose": "Over",
    "pageGeometry": {
      "width": 600,
      "height": 338,
      "x": 0,
      "y": 0
    },
    "dispose": "Undefined",
    "iterations": 0,
    "compression": "JPEG",
    "orientation": "Undefined",
    "properties": {
      "comment": "Lavc60.31.102",
      "date:create": "2025-07-13T08:00:58+00:00",
      "date:modify": "2025-07-13T08:00:58+00:00",
      "jpeg:colorspace": "2",
      "jpeg:sampling-factor": "2x2,1x1,1x1",
      "signature": "b5a02eb7bde0201a6bf7893529e34b61248a630187be1ea6110977558468992a"
    },
    "tainted": false,
    "filesize": "12291B",
    "numberPixels": "202800",
    "pixelsPerSecond": "125.862MB",
    "userTime": "0.010u",
    "elapsedTime": "0:01.001",
    "version": "ImageMagick 6.9.11-60 Q16 x86_64 2021-01-25 https://imagemagick.org"
  }
}
]