[{
  "version": "1.0",
  "image": {
    "name": "/var/www/imageconvert_usr/data/www/imageconvert.org/image/public/uploadt/ezgif-frame-030.jpg",
    "format": "json",
    "formatDescription": "The image format and characteristics",
    "mimeType": "application/json",
    "class": "DirectClass",
    "geometry": {
      "width": 600,
      "height": 338,
      "x": 0,
      "y": 0
    },
    "units": "Undefined",
    "type": "TrueColor",
    "endianness": "Undefined",
    "colorspace": "sRGB",
    "depth": 8,
    "baseDepth": 8,
    "channelDepth": {
      "red": 8,
      "green": 8,
      "blue": 8
    },
    "pixels": 202800,
    "imageStatistics": {
      "all": {
        "min": 0,
        "max": 255,
        "mean": 111.729,
        "standardDeviation": 48.7546,
        "kurtosis": -0.509079,
        "skewness": -0.405916,
        "entropy": 0.931575
      }
    },
    "channelStatistics": {
      "red": {
        "min": 0,
        "max": 255,
        "mean": 112.8,
        "standardDeviation": 49.3324,
        "kurtosis": -0.515331,
        "skewness": -0.389731,
        "entropy": 0.934472
      },
      "green": {
        "min": 0,
        "max": 255,
        "mean": 111.286,
        "standardDeviation": 48.8792,
        "kurtosis": -0.516314,
        "skewness": -0.416197,
        "entropy": 0.931097
      },
      "blue": {
        "min": 0,
        "max": 255,
        "mean": 111.102,
        "standardDeviation": 48.0521,
        "kurtosis": -0.499281,
        "skewness": -0.415499,
        "entropy": 0.929157
      }
    },
    "renderingIntent": "Perceptual",
    "gamma": 0.454545,
    "chromaticity": {
      "redPrimary": {
        "x": 0.64,
        "y": 0.33
      },
      "greenPrimary": {
        "x": 0.3,
        "y": 0.6
      },
      "bluePrimary": {
        "x": 0.15,
        "y": 0.06
      },
      "whitePrimary": {
        "x": 0.3127,
        "y": 0.329
      }
    },
    "backgroundColor": "#FFFFFF",
    "borderColor": "#DFDFDF",
    "matteColor": "#BDBDBD",
    "transparentColor": "#000000",
    "interlace": "None",
    "intensity": "Undefined",
    "compose": "Over",
    "pageGeometry": {
      "width": 600,
      "height": 338,
      "x": 0,
      "y": 0
    },
    "dispose": "Undefined",
    "iterations": 0,
    "compression": "JPEG",
    "orientation": "Undefined",
    "properties": {
      "comment": "Lavc60.31.102",
      "date:create": "2025-07-13T08:00:51+00:00",
      "date:modify": "2025-07-13T08:00:51+00:00",
      "jpeg:colorspace": "2",
      "jpeg:sampling-factor": "2x2,1x1,1x1",
      "signature": "aef6d47e6b2d31428b044650a2eea57bd32d3ca53c8d83eaf88d588857aca61b"
    },
    "tainted": false,
    "filesize": "12234B",
    "numberPixels": "202800",
    "pixelsPerSecond": "131.724MB",
    "userTime": "0.000u",
    "elapsedTime": "0:01.001",
    "version": "ImageMagick 6.9.11-60 Q16 x86_64 2021-01-25 https://imagemagick.org"
  }
}
]