[{
  "version": "1.0",
  "image": {
    "name": "/var/www/imageconvert_usr/data/www/imageconvert.org/image/public/uploadt/ezgif-frame-080.jpg",
    "format": "json",
    "formatDescription": "The image format and characteristics",
    "mimeType": "application/json",
    "class": "DirectClass",
    "geometry": {
      "width": 600,
      "height": 338,
      "x": 0,
      "y": 0
    },
    "units": "Undefined",
    "type": "TrueColor",
    "endianness": "Undefined",
    "colorspace": "sRGB",
    "depth": 8,
    "baseDepth": 8,
    "channelDepth": {
      "red": 8,
      "green": 8,
      "blue": 8
    },
    "pixels": 202800,
    "imageStatistics": {
      "all": {
        "min": 0,
        "max": 255,
        "mean": 107.62,
        "standardDeviation": 50.6839,
        "kurtosis": -0.791717,
        "skewness": -0.382846,
        "entropy": 0.930032
      }
    },
    "channelStatistics": {
      "red": {
        "min": 0,
        "max": 255,
        "mean": 109.355,
        "standardDeviation": 50.2995,
        "kurtosis": -0.721099,
        "skewness": -0.379468,
        "entropy": 0.933702
      },
      "green": {
        "min": 0,
        "max": 255,
        "mean": 106.919,
        "standardDeviation": 50.9782,
        "kurtosis": -0.823756,
        "skewness": -0.384581,
        "entropy": 0.929628
      },
      "blue": {
        "min": 0,
        "max": 255,
        "mean": 106.586,
        "standardDeviation": 50.774,
        "kurtosis": -0.833035,
        "skewness": -0.383119,
        "entropy": 0.926766
      }
    },
    "renderingIntent": "Perceptual",
    "gamma": 0.454545,
    "chromaticity": {
      "redPrimary": {
        "x": 0.64,
        "y": 0.33
      },
      "greenPrimary": {
        "x": 0.3,
        "y": 0.6
      },
      "bluePrimary": {
        "x": 0.15,
        "y": 0.06
      },
      "whitePrimary": {
        "x": 0.3127,
        "y": 0.329
      }
    },
    "backgroundColor": "#FFFFFF",
    "borderColor": "#DFDFDF",
    "matteColor": "#BDBDBD",
    "transparentColor": "#000000",
    "interlace": "None",
    "intensity": "Undefined",
    "compose": "Over",
    "pageGeometry": {
      "width": 600,
      "height": 338,
      "x": 0,
      "y": 0
    },
    "dispose": "Undefined",
    "iterations": 0,
    "compression": "JPEG",
    "orientation": "Undefined",
    "properties": {
      "comment": "Lavc60.31.102",
      "date:create": "2025-07-13T08:00:57+00:00",
      "date:modify": "2025-07-13T08:00:57+00:00",
      "jpeg:colorspace": "2",
      "jpeg:sampling-factor": "2x2,1x1,1x1",
      "signature": "a3001a7e52b34aa5533064c02f2db6bcbecf4c80780d46696e24ed8248dad955"
    },
    "tainted": false,
    "filesize": "12070B",
    "numberPixels": "202800",
    "pixelsPerSecond": "111.302MB",
    "userTime": "0.000u",
    "elapsedTime": "0:01.001",
    "version": "ImageMagick 6.9.11-60 Q16 x86_64 2021-01-25 https://imagemagick.org"
  }
}
]