[{
  "version": "1.0",
  "image": {
    "name": "/var/www/imageconvert_usr/data/www/imageconvert.org/image/public/uploadt/ezgif-frame-098.jpg",
    "format": "json",
    "formatDescription": "The image format and characteristics",
    "mimeType": "application/json",
    "class": "DirectClass",
    "geometry": {
      "width": 600,
      "height": 338,
      "x": 0,
      "y": 0
    },
    "units": "Undefined",
    "type": "TrueColor",
    "endianness": "Undefined",
    "colorspace": "sRGB",
    "depth": 8,
    "baseDepth": 8,
    "channelDepth": {
      "red": 8,
      "green": 8,
      "blue": 8
    },
    "pixels": 202800,
    "imageStatistics": {
      "all": {
        "min": 0,
        "max": 255,
        "mean": 106.441,
        "standardDeviation": 50.4013,
        "kurtosis": -0.738783,
        "skewness": -0.356953,
        "entropy": 0.92861
      }
    },
    "channelStatistics": {
      "red": {
        "min": 0,
        "max": 255,
        "mean": 107.653,
        "standardDeviation": 50.135,
        "kurtosis": -0.683303,
        "skewness": -0.353836,
        "entropy": 0.931175
      },
      "green": {
        "min": 0,
        "max": 255,
        "mean": 105.759,
        "standardDeviation": 50.7617,
        "kurtosis": -0.769462,
        "skewness": -0.357032,
        "entropy": 0.929024
      },
      "blue": {
        "min": 0,
        "max": 255,
        "mean": 105.91,
        "standardDeviation": 50.3071,
        "kurtosis": -0.765052,
        "skewness": -0.359153,
        "entropy": 0.925629
      }
    },
    "renderingIntent": "Perceptual",
    "gamma": 0.454545,
    "chromaticity": {
      "redPrimary": {
        "x": 0.64,
        "y": 0.33
      },
      "greenPrimary": {
        "x": 0.3,
        "y": 0.6
      },
      "bluePrimary": {
        "x": 0.15,
        "y": 0.06
      },
      "whitePrimary": {
        "x": 0.3127,
        "y": 0.329
      }
    },
    "backgroundColor": "#FFFFFF",
    "borderColor": "#DFDFDF",
    "matteColor": "#BDBDBD",
    "transparentColor": "#000000",
    "interlace": "None",
    "intensity": "Undefined",
    "compose": "Over",
    "pageGeometry": {
      "width": 600,
      "height": 338,
      "x": 0,
      "y": 0
    },
    "dispose": "Undefined",
    "iterations": 0,
    "compression": "JPEG",
    "orientation": "Undefined",
    "properties": {
      "comment": "Lavc60.31.102",
      "date:create": "2025-07-13T08:00:59+00:00",
      "date:modify": "2025-07-13T08:00:59+00:00",
      "jpeg:colorspace": "2",
      "jpeg:sampling-factor": "2x2,1x1,1x1",
      "signature": "c28a6f52504bbc2d3ef5abd7e9a24920de94a20cb13041dc557006eead7a3d1f"
    },
    "tainted": false,
    "filesize": "12243B",
    "numberPixels": "202800",
    "pixelsPerSecond": "111.101MB",
    "userTime": "0.010u",
    "elapsedTime": "0:01.001",
    "version": "ImageMagick 6.9.11-60 Q16 x86_64 2021-01-25 https://imagemagick.org"
  }
}
]