[{
  "version": "1.0",
  "image": {
    "name": "/var/www/imageconvert_usr/data/www/imageconvert.org/image/public/uploadt/ezgif-frame-138.jpg",
    "format": "json",
    "formatDescription": "The image format and characteristics",
    "mimeType": "application/json",
    "class": "DirectClass",
    "geometry": {
      "width": 600,
      "height": 338,
      "x": 0,
      "y": 0
    },
    "units": "Undefined",
    "type": "TrueColor",
    "endianness": "Undefined",
    "colorspace": "sRGB",
    "depth": 8,
    "baseDepth": 8,
    "channelDepth": {
      "red": 8,
      "green": 8,
      "blue": 8
    },
    "pixels": 202800,
    "imageStatistics": {
      "all": {
        "min": 0,
        "max": 255,
        "mean": 97.6067,
        "standardDeviation": 52.1333,
        "kurtosis": -0.844966,
        "skewness": -0.13225,
        "entropy": 0.937934
      }
    },
    "channelStatistics": {
      "red": {
        "min": 0,
        "max": 255,
        "mean": 98.8803,
        "standardDeviation": 51.6814,
        "kurtosis": -0.810461,
        "skewness": -0.112982,
        "entropy": 0.941254
      },
      "green": {
        "min": 0,
        "max": 255,
        "mean": 96.8433,
        "standardDeviation": 52.592,
        "kurtosis": -0.874675,
        "skewness": -0.136279,
        "entropy": 0.938113
      },
      "blue": {
        "min": 0,
        "max": 255,
        "mean": 97.0964,
        "standardDeviation": 52.1264,
        "kurtosis": -0.85349,
        "skewness": -0.145015,
        "entropy": 0.934434
      }
    },
    "renderingIntent": "Perceptual",
    "gamma": 0.454545,
    "chromaticity": {
      "redPrimary": {
        "x": 0.64,
        "y": 0.33
      },
      "greenPrimary": {
        "x": 0.3,
        "y": 0.6
      },
      "bluePrimary": {
        "x": 0.15,
        "y": 0.06
      },
      "whitePrimary": {
        "x": 0.3127,
        "y": 0.329
      }
    },
    "backgroundColor": "#FFFFFF",
    "borderColor": "#DFDFDF",
    "matteColor": "#BDBDBD",
    "transparentColor": "#000000",
    "interlace": "None",
    "intensity": "Undefined",
    "compose": "Over",
    "pageGeometry": {
      "width": 600,
      "height": 338,
      "x": 0,
      "y": 0
    },
    "dispose": "Undefined",
    "iterations": 0,
    "compression": "JPEG",
    "orientation": "Undefined",
    "properties": {
      "comment": "Lavc60.31.102",
      "date:create": "2025-07-13T08:01:04+00:00",
      "date:modify": "2025-07-13T08:01:04+00:00",
      "jpeg:colorspace": "2",
      "jpeg:sampling-factor": "2x2,1x1,1x1",
      "signature": "54960410aa397662310391a24cb60446e7862502dbb4dbdc4a55ea6abc83bb6a"
    },
    "tainted": false,
    "filesize": "11319B",
    "numberPixels": "202800",
    "pixelsPerSecond": "122.363MB",
    "userTime": "0.000u",
    "elapsedTime": "0:01.001",
    "version": "ImageMagick 6.9.11-60 Q16 x86_64 2021-01-25 https://imagemagick.org"
  }
}
]