[{
  "version": "1.0",
  "image": {
    "name": "/var/www/imageconvert_usr/data/www/imageconvert.org/image/public/uploadt/ezgif-frame-070.jpg",
    "format": "json",
    "formatDescription": "The image format and characteristics",
    "mimeType": "application/json",
    "class": "DirectClass",
    "geometry": {
      "width": 600,
      "height": 338,
      "x": 0,
      "y": 0
    },
    "units": "Undefined",
    "type": "TrueColor",
    "endianness": "Undefined",
    "colorspace": "sRGB",
    "depth": 8,
    "baseDepth": 8,
    "channelDepth": {
      "red": 8,
      "green": 8,
      "blue": 8
    },
    "pixels": 202800,
    "imageStatistics": {
      "all": {
        "min": 0,
        "max": 255,
        "mean": 110.818,
        "standardDeviation": 50.3049,
        "kurtosis": -0.688453,
        "skewness": -0.484983,
        "entropy": 0.928276
      }
    },
    "channelStatistics": {
      "red": {
        "min": 0,
        "max": 255,
        "mean": 112.476,
        "standardDeviation": 50.2052,
        "kurtosis": -0.634784,
        "skewness": -0.478728,
        "entropy": 0.931963
      },
      "green": {
        "min": 0,
        "max": 255,
        "mean": 110.31,
        "standardDeviation": 50.5372,
        "kurtosis": -0.713105,
        "skewness": -0.485576,
        "entropy": 0.928111
      },
      "blue": {
        "min": 0,
        "max": 255,
        "mean": 109.667,
        "standardDeviation": 50.1723,
        "kurtosis": -0.72134,
        "skewness": -0.491579,
        "entropy": 0.924754
      }
    },
    "renderingIntent": "Perceptual",
    "gamma": 0.454545,
    "chromaticity": {
      "redPrimary": {
        "x": 0.64,
        "y": 0.33
      },
      "greenPrimary": {
        "x": 0.3,
        "y": 0.6
      },
      "bluePrimary": {
        "x": 0.15,
        "y": 0.06
      },
      "whitePrimary": {
        "x": 0.3127,
        "y": 0.329
      }
    },
    "backgroundColor": "#FFFFFF",
    "borderColor": "#DFDFDF",
    "matteColor": "#BDBDBD",
    "transparentColor": "#000000",
    "interlace": "None",
    "intensity": "Undefined",
    "compose": "Over",
    "pageGeometry": {
      "width": 600,
      "height": 338,
      "x": 0,
      "y": 0
    },
    "dispose": "Undefined",
    "iterations": 0,
    "compression": "JPEG",
    "orientation": "Undefined",
    "properties": {
      "comment": "Lavc60.31.102",
      "date:create": "2025-07-13T08:00:56+00:00",
      "date:modify": "2025-07-13T08:00:56+00:00",
      "jpeg:colorspace": "2",
      "jpeg:sampling-factor": "2x2,1x1,1x1",
      "signature": "33b70e2c702299e5bd4c7ac2c3c0123d34b42fc5e39ca1f8c858723cae8b5f7c"
    },
    "tainted": false,
    "filesize": "11860B",
    "numberPixels": "202800",
    "pixelsPerSecond": "97.7056MB",
    "userTime": "0.000u",
    "elapsedTime": "0:01.002",
    "version": "ImageMagick 6.9.11-60 Q16 x86_64 2021-01-25 https://imagemagick.org"
  }
}
]