[{
  "version": "1.0",
  "image": {
    "name": "/var/www/imageconvert_usr/data/www/imageconvert.org/image/public/uploadt/ezgif-frame-033.jpg",
    "format": "json",
    "formatDescription": "The image format and characteristics",
    "mimeType": "application/json",
    "class": "DirectClass",
    "geometry": {
      "width": 600,
      "height": 338,
      "x": 0,
      "y": 0
    },
    "units": "Undefined",
    "type": "TrueColor",
    "endianness": "Undefined",
    "colorspace": "sRGB",
    "depth": 8,
    "baseDepth": 8,
    "channelDepth": {
      "red": 8,
      "green": 8,
      "blue": 8
    },
    "pixels": 202800,
    "imageStatistics": {
      "all": {
        "min": 0,
        "max": 255,
        "mean": 110.785,
        "standardDeviation": 48.9237,
        "kurtosis": -0.616131,
        "skewness": -0.416818,
        "entropy": 0.930848
      }
    },
    "channelStatistics": {
      "red": {
        "min": 0,
        "max": 255,
        "mean": 111.868,
        "standardDeviation": 49.4704,
        "kurtosis": -0.612447,
        "skewness": -0.40362,
        "entropy": 0.934283
      },
      "green": {
        "min": 0,
        "max": 255,
        "mean": 110.296,
        "standardDeviation": 49.0614,
        "kurtosis": -0.62483,
        "skewness": -0.429172,
        "entropy": 0.930004
      },
      "blue": {
        "min": 0,
        "max": 255,
        "mean": 110.189,
        "standardDeviation": 48.2392,
        "kurtosis": -0.615195,
        "skewness": -0.420765,
        "entropy": 0.928256
      }
    },
    "renderingIntent": "Perceptual",
    "gamma": 0.454545,
    "chromaticity": {
      "redPrimary": {
        "x": 0.64,
        "y": 0.33
      },
      "greenPrimary": {
        "x": 0.3,
        "y": 0.6
      },
      "bluePrimary": {
        "x": 0.15,
        "y": 0.06
      },
      "whitePrimary": {
        "x": 0.3127,
        "y": 0.329
      }
    },
    "backgroundColor": "#FFFFFF",
    "borderColor": "#DFDFDF",
    "matteColor": "#BDBDBD",
    "transparentColor": "#000000",
    "interlace": "None",
    "intensity": "Undefined",
    "compose": "Over",
    "pageGeometry": {
      "width": 600,
      "height": 338,
      "x": 0,
      "y": 0
    },
    "dispose": "Undefined",
    "iterations": 0,
    "compression": "JPEG",
    "orientation": "Undefined",
    "properties": {
      "comment": "Lavc60.31.102",
      "date:create": "2025-07-13T08:00:52+00:00",
      "date:modify": "2025-07-13T08:00:52+00:00",
      "jpeg:colorspace": "2",
      "jpeg:sampling-factor": "2x2,1x1,1x1",
      "signature": "0b738bafb6f3e5df4df69c038dcf12a43c7d74456e801842cd64d71d0361555b"
    },
    "tainted": false,
    "filesize": "12141B",
    "numberPixels": "202800",
    "pixelsPerSecond": "115.212MB",
    "userTime": "0.000u",
    "elapsedTime": "0:01.001",
    "version": "ImageMagick 6.9.11-60 Q16 x86_64 2021-01-25 https://imagemagick.org"
  }
}
]