[{
  "version": "1.0",
  "image": {
    "name": "/var/www/imageconvert_usr/data/www/imageconvert.org/image/public/uploadt/ezgif-frame-055.jpg",
    "format": "json",
    "formatDescription": "The image format and characteristics",
    "mimeType": "application/json",
    "class": "DirectClass",
    "geometry": {
      "width": 600,
      "height": 338,
      "x": 0,
      "y": 0
    },
    "units": "Undefined",
    "type": "TrueColor",
    "endianness": "Undefined",
    "colorspace": "sRGB",
    "depth": 8,
    "baseDepth": 8,
    "channelDepth": {
      "red": 8,
      "green": 8,
      "blue": 8
    },
    "pixels": 202800,
    "imageStatistics": {
      "all": {
        "min": 0,
        "max": 255,
        "mean": 112.201,
        "standardDeviation": 48.8911,
        "kurtosis": -0.54398,
        "skewness": -0.483586,
        "entropy": 0.928862
      }
    },
    "channelStatistics": {
      "red": {
        "min": 0,
        "max": 255,
        "mean": 114.08,
        "standardDeviation": 49.102,
        "kurtosis": -0.516939,
        "skewness": -0.473095,
        "entropy": 0.932097
      },
      "green": {
        "min": 0,
        "max": 255,
        "mean": 111.924,
        "standardDeviation": 49.1121,
        "kurtosis": -0.558881,
        "skewness": -0.48945,
        "entropy": 0.928995
      },
      "blue": {
        "min": 0,
        "max": 255,
        "mean": 110.601,
        "standardDeviation": 48.4594,
        "kurtosis": -0.561363,
        "skewness": -0.492885,
        "entropy": 0.925494
      }
    },
    "renderingIntent": "Perceptual",
    "gamma": 0.454545,
    "chromaticity": {
      "redPrimary": {
        "x": 0.64,
        "y": 0.33
      },
      "greenPrimary": {
        "x": 0.3,
        "y": 0.6
      },
      "bluePrimary": {
        "x": 0.15,
        "y": 0.06
      },
      "whitePrimary": {
        "x": 0.3127,
        "y": 0.329
      }
    },
    "backgroundColor": "#FFFFFF",
    "borderColor": "#DFDFDF",
    "matteColor": "#BDBDBD",
    "transparentColor": "#000000",
    "interlace": "None",
    "intensity": "Undefined",
    "compose": "Over",
    "pageGeometry": {
      "width": 600,
      "height": 338,
      "x": 0,
      "y": 0
    },
    "dispose": "Undefined",
    "iterations": 0,
    "compression": "JPEG",
    "orientation": "Undefined",
    "properties": {
      "comment": "Lavc60.31.102",
      "date:create": "2025-07-13T08:00:54+00:00",
      "date:modify": "2025-07-13T08:00:54+00:00",
      "jpeg:colorspace": "2",
      "jpeg:sampling-factor": "2x2,1x1,1x1",
      "signature": "dd6177b5caa6b30dc51532c7a3afb238db78ea44e8a739aa1d0d119bb0927df0"
    },
    "tainted": false,
    "filesize": "11598B",
    "numberPixels": "202800",
    "pixelsPerSecond": "117.15MB",
    "userTime": "0.010u",
    "elapsedTime": "0:01.001",
    "version": "ImageMagick 6.9.11-60 Q16 x86_64 2021-01-25 https://imagemagick.org"
  }
}
]