[{
  "version": "1.0",
  "image": {
    "name": "/var/www/imageconvert_usr/data/www/imageconvert.org/image/public/uploadt/ezgif-frame-101.jpg",
    "format": "json",
    "formatDescription": "The image format and characteristics",
    "mimeType": "application/json",
    "class": "DirectClass",
    "geometry": {
      "width": 600,
      "height": 338,
      "x": 0,
      "y": 0
    },
    "units": "Undefined",
    "type": "TrueColor",
    "endianness": "Undefined",
    "colorspace": "sRGB",
    "depth": 8,
    "baseDepth": 8,
    "channelDepth": {
      "red": 8,
      "green": 8,
      "blue": 8
    },
    "pixels": 202800,
    "imageStatistics": {
      "all": {
        "min": 0,
        "max": 255,
        "mean": 106.594,
        "standardDeviation": 50.6448,
        "kurtosis": -0.730027,
        "skewness": -0.344632,
        "entropy": 0.930305
      }
    },
    "channelStatistics": {
      "red": {
        "min": 0,
        "max": 255,
        "mean": 107.795,
        "standardDeviation": 50.3652,
        "kurtosis": -0.674072,
        "skewness": -0.33928,
        "entropy": 0.932793
      },
      "green": {
        "min": 0,
        "max": 255,
        "mean": 105.953,
        "standardDeviation": 50.9791,
        "kurtosis": -0.757087,
        "skewness": -0.344642,
        "entropy": 0.930903
      },
      "blue": {
        "min": 0,
        "max": 255,
        "mean": 106.034,
        "standardDeviation": 50.5902,
        "kurtosis": -0.760577,
        "skewness": -0.349089,
        "entropy": 0.927218
      }
    },
    "renderingIntent": "Perceptual",
    "gamma": 0.454545,
    "chromaticity": {
      "redPrimary": {
        "x": 0.64,
        "y": 0.33
      },
      "greenPrimary": {
        "x": 0.3,
        "y": 0.6
      },
      "bluePrimary": {
        "x": 0.15,
        "y": 0.06
      },
      "whitePrimary": {
        "x": 0.3127,
        "y": 0.329
      }
    },
    "backgroundColor": "#FFFFFF",
    "borderColor": "#DFDFDF",
    "matteColor": "#BDBDBD",
    "transparentColor": "#000000",
    "interlace": "None",
    "intensity": "Undefined",
    "compose": "Over",
    "pageGeometry": {
      "width": 600,
      "height": 338,
      "x": 0,
      "y": 0
    },
    "dispose": "Undefined",
    "iterations": 0,
    "compression": "JPEG",
    "orientation": "Undefined",
    "properties": {
      "comment": "Lavc60.31.102",
      "date:create": "2025-07-13T08:01:00+00:00",
      "date:modify": "2025-07-13T08:01:00+00:00",
      "jpeg:colorspace": "2",
      "jpeg:sampling-factor": "2x2,1x1,1x1",
      "signature": "c67c3a81cb1b7fc8f65b37217598e6937e55c3a1c76a34cedf21cf9c37afddd8"
    },
    "tainted": false,
    "filesize": "12117B",
    "numberPixels": "202800",
    "pixelsPerSecond": "108.444MB",
    "userTime": "0.000u",
    "elapsedTime": "0:01.001",
    "version": "ImageMagick 6.9.11-60 Q16 x86_64 2021-01-25 https://imagemagick.org"
  }
}
]