[{
  "version": "1.0",
  "image": {
    "name": "/var/www/imageconvert_usr/data/www/imageconvert.org/image/public/uploadt/ezgif-frame-110.jpg",
    "format": "json",
    "formatDescription": "The image format and characteristics",
    "mimeType": "application/json",
    "class": "DirectClass",
    "geometry": {
      "width": 600,
      "height": 338,
      "x": 0,
      "y": 0
    },
    "units": "Undefined",
    "type": "TrueColor",
    "endianness": "Undefined",
    "colorspace": "sRGB",
    "depth": 8,
    "baseDepth": 8,
    "channelDepth": {
      "red": 8,
      "green": 8,
      "blue": 8
    },
    "pixels": 202800,
    "imageStatistics": {
      "all": {
        "min": 0,
        "max": 255,
        "mean": 104.409,
        "standardDeviation": 50.2534,
        "kurtosis": -0.737298,
        "skewness": -0.309914,
        "entropy": 0.929632
      }
    },
    "channelStatistics": {
      "red": {
        "min": 0,
        "max": 255,
        "mean": 105.544,
        "standardDeviation": 50.0497,
        "kurtosis": -0.687047,
        "skewness": -0.30324,
        "entropy": 0.932867
      },
      "green": {
        "min": 0,
        "max": 255,
        "mean": 103.721,
        "standardDeviation": 50.595,
        "kurtosis": -0.764269,
        "skewness": -0.308902,
        "entropy": 0.930237
      },
      "blue": {
        "min": 0,
        "max": 255,
        "mean": 103.962,
        "standardDeviation": 50.1156,
        "kurtosis": -0.762502,
        "skewness": -0.316968,
        "entropy": 0.925793
      }
    },
    "renderingIntent": "Perceptual",
    "gamma": 0.454545,
    "chromaticity": {
      "redPrimary": {
        "x": 0.64,
        "y": 0.33
      },
      "greenPrimary": {
        "x": 0.3,
        "y": 0.6
      },
      "bluePrimary": {
        "x": 0.15,
        "y": 0.06
      },
      "whitePrimary": {
        "x": 0.3127,
        "y": 0.329
      }
    },
    "backgroundColor": "#FFFFFF",
    "borderColor": "#DFDFDF",
    "matteColor": "#BDBDBD",
    "transparentColor": "#000000",
    "interlace": "None",
    "intensity": "Undefined",
    "compose": "Over",
    "pageGeometry": {
      "width": 600,
      "height": 338,
      "x": 0,
      "y": 0
    },
    "dispose": "Undefined",
    "iterations": 0,
    "compression": "JPEG",
    "orientation": "Undefined",
    "properties": {
      "comment": "Lavc60.31.102",
      "date:create": "2025-07-13T08:01:01+00:00",
      "date:modify": "2025-07-13T08:01:01+00:00",
      "jpeg:colorspace": "2",
      "jpeg:sampling-factor": "2x2,1x1,1x1",
      "signature": "d715a8a6b81a457330ad22230302c38c9bada2915e2f555e7551fc0fdd06215e"
    },
    "tainted": false,
    "filesize": "11839B",
    "numberPixels": "202800",
    "pixelsPerSecond": "120.82MB",
    "userTime": "0.010u",
    "elapsedTime": "0:01.001",
    "version": "ImageMagick 6.9.11-60 Q16 x86_64 2021-01-25 https://imagemagick.org"
  }
}
]