[{
  "version": "1.0",
  "image": {
    "name": "/var/www/imageconvert_usr/data/www/imageconvert.org/image/public/uploadt/ezgif-frame-096.jpg",
    "format": "json",
    "formatDescription": "The image format and characteristics",
    "mimeType": "application/json",
    "class": "DirectClass",
    "geometry": {
      "width": 600,
      "height": 338,
      "x": 0,
      "y": 0
    },
    "units": "Undefined",
    "type": "TrueColor",
    "endianness": "Undefined",
    "colorspace": "sRGB",
    "depth": 8,
    "baseDepth": 8,
    "channelDepth": {
      "red": 8,
      "green": 8,
      "blue": 8
    },
    "pixels": 202800,
    "imageStatistics": {
      "all": {
        "min": 0,
        "max": 255,
        "mean": 106.932,
        "standardDeviation": 50.4219,
        "kurtosis": -0.732238,
        "skewness": -0.345517,
        "entropy": 0.929891
      }
    },
    "channelStatistics": {
      "red": {
        "min": 0,
        "max": 255,
        "mean": 108.197,
        "standardDeviation": 50.1304,
        "kurtosis": -0.67313,
        "skewness": -0.340462,
        "entropy": 0.932327
      },
      "green": {
        "min": 0,
        "max": 255,
        "mean": 106.231,
        "standardDeviation": 50.8064,
        "kurtosis": -0.766789,
        "skewness": -0.346468,
        "entropy": 0.9301
      },
      "blue": {
        "min": 0,
        "max": 255,
        "mean": 106.37,
        "standardDeviation": 50.3288,
        "kurtosis": -0.758479,
        "skewness": -0.348595,
        "entropy": 0.927246
      }
    },
    "renderingIntent": "Perceptual",
    "gamma": 0.454545,
    "chromaticity": {
      "redPrimary": {
        "x": 0.64,
        "y": 0.33
      },
      "greenPrimary": {
        "x": 0.3,
        "y": 0.6
      },
      "bluePrimary": {
        "x": 0.15,
        "y": 0.06
      },
      "whitePrimary": {
        "x": 0.3127,
        "y": 0.329
      }
    },
    "backgroundColor": "#FFFFFF",
    "borderColor": "#DFDFDF",
    "matteColor": "#BDBDBD",
    "transparentColor": "#000000",
    "interlace": "None",
    "intensity": "Undefined",
    "compose": "Over",
    "pageGeometry": {
      "width": 600,
      "height": 338,
      "x": 0,
      "y": 0
    },
    "dispose": "Undefined",
    "iterations": 0,
    "compression": "JPEG",
    "orientation": "Undefined",
    "properties": {
      "comment": "Lavc60.31.102",
      "date:create": "2025-07-13T08:00:59+00:00",
      "date:modify": "2025-07-13T08:00:59+00:00",
      "jpeg:colorspace": "2",
      "jpeg:sampling-factor": "2x2,1x1,1x1",
      "signature": "f1c4b8266a9e57e2de881ba3d69cdc588079568a807df7e86d4ececeedbafe32"
    },
    "tainted": false,
    "filesize": "12162B",
    "numberPixels": "202800",
    "pixelsPerSecond": "109.808MB",
    "userTime": "0.000u",
    "elapsedTime": "0:01.001",
    "version": "ImageMagick 6.9.11-60 Q16 x86_64 2021-01-25 https://imagemagick.org"
  }
}
]