[{
  "version": "1.0",
  "image": {
    "name": "/var/www/imageconvert_usr/data/www/imageconvert.org/image/public/uploadt/ezgif-frame-065.jpg",
    "format": "json",
    "formatDescription": "The image format and characteristics",
    "mimeType": "application/json",
    "class": "DirectClass",
    "geometry": {
      "width": 600,
      "height": 338,
      "x": 0,
      "y": 0
    },
    "units": "Undefined",
    "type": "TrueColor",
    "endianness": "Undefined",
    "colorspace": "sRGB",
    "depth": 8,
    "baseDepth": 8,
    "channelDepth": {
      "red": 8,
      "green": 8,
      "blue": 8
    },
    "pixels": 202800,
    "imageStatistics": {
      "all": {
        "min": 0,
        "max": 255,
        "mean": 112.12,
        "standardDeviation": 50.0463,
        "kurtosis": -0.636076,
        "skewness": -0.497059,
        "entropy": 0.928827
      }
    },
    "channelStatistics": {
      "red": {
        "min": 0,
        "max": 255,
        "mean": 113.665,
        "standardDeviation": 49.9047,
        "kurtosis": -0.58448,
        "skewness": -0.484333,
        "entropy": 0.93245
      },
      "green": {
        "min": 0,
        "max": 255,
        "mean": 111.887,
        "standardDeviation": 50.3038,
        "kurtosis": -0.660486,
        "skewness": -0.498846,
        "entropy": 0.928677
      },
      "blue": {
        "min": 0,
        "max": 255,
        "mean": 110.808,
        "standardDeviation": 49.9303,
        "kurtosis": -0.66808,
        "skewness": -0.508855,
        "entropy": 0.925353
      }
    },
    "renderingIntent": "Perceptual",
    "gamma": 0.454545,
    "chromaticity": {
      "redPrimary": {
        "x": 0.64,
        "y": 0.33
      },
      "greenPrimary": {
        "x": 0.3,
        "y": 0.6
      },
      "bluePrimary": {
        "x": 0.15,
        "y": 0.06
      },
      "whitePrimary": {
        "x": 0.3127,
        "y": 0.329
      }
    },
    "backgroundColor": "#FFFFFF",
    "borderColor": "#DFDFDF",
    "matteColor": "#BDBDBD",
    "transparentColor": "#000000",
    "interlace": "None",
    "intensity": "Undefined",
    "compose": "Over",
    "pageGeometry": {
      "width": 600,
      "height": 338,
      "x": 0,
      "y": 0
    },
    "dispose": "Undefined",
    "iterations": 0,
    "compression": "JPEG",
    "orientation": "Undefined",
    "properties": {
      "comment": "Lavc60.31.102",
      "date:create": "2025-07-13T08:00:55+00:00",
      "date:modify": "2025-07-13T08:00:55+00:00",
      "jpeg:colorspace": "2",
      "jpeg:sampling-factor": "2x2,1x1,1x1",
      "signature": "7966f4bcdde822841905a2b8cfcfa9bf2db8bdc7dd5298262169dce8c8f6d32c"
    },
    "tainted": false,
    "filesize": "11598B",
    "numberPixels": "202800",
    "pixelsPerSecond": "120.482MB",
    "userTime": "0.000u",
    "elapsedTime": "0:01.001",
    "version": "ImageMagick 6.9.11-60 Q16 x86_64 2021-01-25 https://imagemagick.org"
  }
}
]