[{
  "version": "1.0",
  "image": {
    "name": "/var/www/imageconvert_usr/data/www/imageconvert.org/image/public/uploadt/ezgif-frame-004.jpg",
    "format": "json",
    "formatDescription": "The image format and characteristics",
    "mimeType": "application/json",
    "class": "DirectClass",
    "geometry": {
      "width": 600,
      "height": 338,
      "x": 0,
      "y": 0
    },
    "units": "Undefined",
    "type": "TrueColor",
    "endianness": "Undefined",
    "colorspace": "sRGB",
    "depth": 8,
    "baseDepth": 8,
    "channelDepth": {
      "red": 8,
      "green": 8,
      "blue": 8
    },
    "pixels": 202800,
    "imageStatistics": {
      "all": {
        "min": 0,
        "max": 255,
        "mean": 118.738,
        "standardDeviation": 48.3945,
        "kurtosis": -0.188495,
        "skewness": -0.62188,
        "entropy": 0.921669
      }
    },
    "channelStatistics": {
      "red": {
        "min": 0,
        "max": 255,
        "mean": 119.208,
        "standardDeviation": 48.7682,
        "kurtosis": -0.178634,
        "skewness": -0.61285,
        "entropy": 0.9239
      },
      "green": {
        "min": 0,
        "max": 255,
        "mean": 118.466,
        "standardDeviation": 48.7238,
        "kurtosis": -0.194832,
        "skewness": -0.624861,
        "entropy": 0.922422
      },
      "blue": {
        "min": 0,
        "max": 255,
        "mean": 118.541,
        "standardDeviation": 47.6916,
        "kurtosis": -0.196062,
        "skewness": -0.62878,
        "entropy": 0.918686
      }
    },
    "renderingIntent": "Perceptual",
    "gamma": 0.454545,
    "chromaticity": {
      "redPrimary": {
        "x": 0.64,
        "y": 0.33
      },
      "greenPrimary": {
        "x": 0.3,
        "y": 0.6
      },
      "bluePrimary": {
        "x": 0.15,
        "y": 0.06
      },
      "whitePrimary": {
        "x": 0.3127,
        "y": 0.329
      }
    },
    "backgroundColor": "#FFFFFF",
    "borderColor": "#DFDFDF",
    "matteColor": "#BDBDBD",
    "transparentColor": "#000000",
    "interlace": "None",
    "intensity": "Undefined",
    "compose": "Over",
    "pageGeometry": {
      "width": 600,
      "height": 338,
      "x": 0,
      "y": 0
    },
    "dispose": "Undefined",
    "iterations": 0,
    "compression": "JPEG",
    "quality": 90,
    "orientation": "Undefined",
    "properties": {
      "comment": "Lavc60.31.102",
      "date:create": "2025-07-13T08:00:48+00:00",
      "date:modify": "2025-07-13T08:00:48+00:00",
      "jpeg:colorspace": "2",
      "jpeg:sampling-factor": "2x2,1x1,1x1",
      "signature": "94cda66b4e8b393ee2adf8632939b1e772c798f6833ab8ead30e2f272ac987c1"
    },
    "tainted": false,
    "filesize": "38370B",
    "numberPixels": "202800",
    "pixelsPerSecond": "107.675MB",
    "userTime": "0.000u",
    "elapsedTime": "0:01.001",
    "version": "ImageMagick 6.9.11-60 Q16 x86_64 2021-01-25 https://imagemagick.org"
  }
}
]