[{
  "version": "1.0",
  "image": {
    "name": "/var/www/imageconvert_usr/data/www/imageconvert.org/image/public/uploadt/ezgif-frame-083.jpg",
    "format": "json",
    "formatDescription": "The image format and characteristics",
    "mimeType": "application/json",
    "class": "DirectClass",
    "geometry": {
      "width": 600,
      "height": 338,
      "x": 0,
      "y": 0
    },
    "units": "Undefined",
    "type": "TrueColor",
    "endianness": "Undefined",
    "colorspace": "sRGB",
    "depth": 8,
    "baseDepth": 8,
    "channelDepth": {
      "red": 8,
      "green": 8,
      "blue": 8
    },
    "pixels": 202800,
    "imageStatistics": {
      "all": {
        "min": 0,
        "max": 255,
        "mean": 107.103,
        "standardDeviation": 50.6719,
        "kurtosis": -0.790477,
        "skewness": -0.381757,
        "entropy": 0.929513
      }
    },
    "channelStatistics": {
      "red": {
        "min": 0,
        "max": 255,
        "mean": 108.723,
        "standardDeviation": 50.2858,
        "kurtosis": -0.717138,
        "skewness": -0.378692,
        "entropy": 0.933132
      },
      "green": {
        "min": 0,
        "max": 255,
        "mean": 106.303,
        "standardDeviation": 50.9993,
        "kurtosis": -0.819455,
        "skewness": -0.380351,
        "entropy": 0.929099
      },
      "blue": {
        "min": 0,
        "max": 255,
        "mean": 106.283,
        "standardDeviation": 50.7308,
        "kurtosis": -0.837101,
        "skewness": -0.384831,
        "entropy": 0.926308
      }
    },
    "renderingIntent": "Perceptual",
    "gamma": 0.454545,
    "chromaticity": {
      "redPrimary": {
        "x": 0.64,
        "y": 0.33
      },
      "greenPrimary": {
        "x": 0.3,
        "y": 0.6
      },
      "bluePrimary": {
        "x": 0.15,
        "y": 0.06
      },
      "whitePrimary": {
        "x": 0.3127,
        "y": 0.329
      }
    },
    "backgroundColor": "#FFFFFF",
    "borderColor": "#DFDFDF",
    "matteColor": "#BDBDBD",
    "transparentColor": "#000000",
    "interlace": "None",
    "intensity": "Undefined",
    "compose": "Over",
    "pageGeometry": {
      "width": 600,
      "height": 338,
      "x": 0,
      "y": 0
    },
    "dispose": "Undefined",
    "iterations": 0,
    "compression": "JPEG",
    "orientation": "Undefined",
    "properties": {
      "comment": "Lavc60.31.102",
      "date:create": "2025-07-13T08:00:58+00:00",
      "date:modify": "2025-07-13T08:00:58+00:00",
      "jpeg:colorspace": "2",
      "jpeg:sampling-factor": "2x2,1x1,1x1",
      "signature": "084abbaf9f75cc16174c2bddfe0c525ee06d130f4ed4d78c8f5bf3543d55ac1e"
    },
    "tainted": false,
    "filesize": "12151B",
    "numberPixels": "202800",
    "pixelsPerSecond": "124.138MB",
    "userTime": "0.000u",
    "elapsedTime": "0:01.001",
    "version": "ImageMagick 6.9.11-60 Q16 x86_64 2021-01-25 https://imagemagick.org"
  }
}
]