[{
  "version": "1.0",
  "image": {
    "name": "/var/www/imageconvert_usr/data/www/imageconvert.org/image/public/uploadt/ezgif-frame-072.jpg",
    "format": "json",
    "formatDescription": "The image format and characteristics",
    "mimeType": "application/json",
    "class": "DirectClass",
    "geometry": {
      "width": 600,
      "height": 338,
      "x": 0,
      "y": 0
    },
    "units": "Undefined",
    "type": "TrueColor",
    "endianness": "Undefined",
    "colorspace": "sRGB",
    "depth": 8,
    "baseDepth": 8,
    "channelDepth": {
      "red": 8,
      "green": 8,
      "blue": 8
    },
    "pixels": 202800,
    "imageStatistics": {
      "all": {
        "min": 0,
        "max": 255,
        "mean": 110.42,
        "standardDeviation": 50.293,
        "kurtosis": -0.702972,
        "skewness": -0.474518,
        "entropy": 0.927362
      }
    },
    "channelStatistics": {
      "red": {
        "min": 0,
        "max": 255,
        "mean": 112.094,
        "standardDeviation": 50.0879,
        "kurtosis": -0.64649,
        "skewness": -0.466296,
        "entropy": 0.931228
      },
      "green": {
        "min": 0,
        "max": 255,
        "mean": 109.836,
        "standardDeviation": 50.5484,
        "kurtosis": -0.727841,
        "skewness": -0.474537,
        "entropy": 0.926994
      },
      "blue": {
        "min": 0,
        "max": 255,
        "mean": 109.331,
        "standardDeviation": 50.2425,
        "kurtosis": -0.738884,
        "skewness": -0.482815,
        "entropy": 0.923864
      }
    },
    "renderingIntent": "Perceptual",
    "gamma": 0.454545,
    "chromaticity": {
      "redPrimary": {
        "x": 0.64,
        "y": 0.33
      },
      "greenPrimary": {
        "x": 0.3,
        "y": 0.6
      },
      "bluePrimary": {
        "x": 0.15,
        "y": 0.06
      },
      "whitePrimary": {
        "x": 0.3127,
        "y": 0.329
      }
    },
    "backgroundColor": "#FFFFFF",
    "borderColor": "#DFDFDF",
    "matteColor": "#BDBDBD",
    "transparentColor": "#000000",
    "interlace": "None",
    "intensity": "Undefined",
    "compose": "Over",
    "pageGeometry": {
      "width": 600,
      "height": 338,
      "x": 0,
      "y": 0
    },
    "dispose": "Undefined",
    "iterations": 0,
    "compression": "JPEG",
    "orientation": "Undefined",
    "properties": {
      "comment": "Lavc60.31.102",
      "date:create": "2025-07-13T08:00:56+00:00",
      "date:modify": "2025-07-13T08:00:56+00:00",
      "jpeg:colorspace": "2",
      "jpeg:sampling-factor": "2x2,1x1,1x1",
      "signature": "03d7e9f849484f77eb13ab04c2c3abd019ce2151f6339b97e42d3714b69a043d"
    },
    "tainted": false,
    "filesize": "11980B",
    "numberPixels": "202800",
    "pixelsPerSecond": "118.27MB",
    "userTime": "0.000u",
    "elapsedTime": "0:01.001",
    "version": "ImageMagick 6.9.11-60 Q16 x86_64 2021-01-25 https://imagemagick.org"
  }
}
]