[{
  "version": "1.0",
  "image": {
    "name": "/var/www/imageconvert_usr/data/www/imageconvert.org/image/public/uploadt/ezgif-frame-081.jpg",
    "format": "json",
    "formatDescription": "The image format and characteristics",
    "mimeType": "application/json",
    "class": "DirectClass",
    "geometry": {
      "width": 600,
      "height": 338,
      "x": 0,
      "y": 0
    },
    "units": "Undefined",
    "type": "TrueColor",
    "endianness": "Undefined",
    "colorspace": "sRGB",
    "depth": 8,
    "baseDepth": 8,
    "channelDepth": {
      "red": 8,
      "green": 8,
      "blue": 8
    },
    "pixels": 202800,
    "imageStatistics": {
      "all": {
        "min": 0,
        "max": 255,
        "mean": 107.285,
        "standardDeviation": 50.6679,
        "kurtosis": -0.803292,
        "skewness": -0.391469,
        "entropy": 0.929067
      }
    },
    "channelStatistics": {
      "red": {
        "min": 0,
        "max": 255,
        "mean": 109,
        "standardDeviation": 50.2595,
        "kurtosis": -0.729316,
        "skewness": -0.391017,
        "entropy": 0.932571
      },
      "green": {
        "min": 0,
        "max": 255,
        "mean": 106.6,
        "standardDeviation": 50.9607,
        "kurtosis": -0.834912,
        "skewness": -0.390572,
        "entropy": 0.928805
      },
      "blue": {
        "min": 0,
        "max": 255,
        "mean": 106.256,
        "standardDeviation": 50.7834,
        "kurtosis": -0.847673,
        "skewness": -0.391427,
        "entropy": 0.925824
      }
    },
    "renderingIntent": "Perceptual",
    "gamma": 0.454545,
    "chromaticity": {
      "redPrimary": {
        "x": 0.64,
        "y": 0.33
      },
      "greenPrimary": {
        "x": 0.3,
        "y": 0.6
      },
      "bluePrimary": {
        "x": 0.15,
        "y": 0.06
      },
      "whitePrimary": {
        "x": 0.3127,
        "y": 0.329
      }
    },
    "backgroundColor": "#FFFFFF",
    "borderColor": "#DFDFDF",
    "matteColor": "#BDBDBD",
    "transparentColor": "#000000",
    "interlace": "None",
    "intensity": "Undefined",
    "compose": "Over",
    "pageGeometry": {
      "width": 600,
      "height": 338,
      "x": 0,
      "y": 0
    },
    "dispose": "Undefined",
    "iterations": 0,
    "compression": "JPEG",
    "orientation": "Undefined",
    "properties": {
      "comment": "Lavc60.31.102",
      "date:create": "2025-07-13T08:00:57+00:00",
      "date:modify": "2025-07-13T08:00:57+00:00",
      "jpeg:colorspace": "2",
      "jpeg:sampling-factor": "2x2,1x1,1x1",
      "signature": "6dce9ab57efbcfdc5921d344dd64d6d112eb9bf99c40892d5e1736daaf0f916b"
    },
    "tainted": false,
    "filesize": "12109B",
    "numberPixels": "202800",
    "pixelsPerSecond": "121.179MB",
    "userTime": "0.000u",
    "elapsedTime": "0:01.001",
    "version": "ImageMagick 6.9.11-60 Q16 x86_64 2021-01-25 https://imagemagick.org"
  }
}
]