[{
  "version": "1.0",
  "image": {
    "name": "/var/www/imageconvert_usr/data/www/imageconvert.org/image/public/uploadt/ezgif-frame-112.jpg",
    "format": "json",
    "formatDescription": "The image format and characteristics",
    "mimeType": "application/json",
    "class": "DirectClass",
    "geometry": {
      "width": 600,
      "height": 338,
      "x": 0,
      "y": 0
    },
    "units": "Undefined",
    "type": "TrueColor",
    "endianness": "Undefined",
    "colorspace": "sRGB",
    "depth": 8,
    "baseDepth": 8,
    "channelDepth": {
      "red": 8,
      "green": 8,
      "blue": 8
    },
    "pixels": 202800,
    "imageStatistics": {
      "all": {
        "min": 0,
        "max": 255,
        "mean": 103.556,
        "standardDeviation": 50.1604,
        "kurtosis": -0.7445,
        "skewness": -0.319051,
        "entropy": 0.928951
      }
    },
    "channelStatistics": {
      "red": {
        "min": 0,
        "max": 255,
        "mean": 104.649,
        "standardDeviation": 49.9457,
        "kurtosis": -0.693847,
        "skewness": -0.315145,
        "entropy": 0.932008
      },
      "green": {
        "min": 0,
        "max": 255,
        "mean": 102.85,
        "standardDeviation": 50.4248,
        "kurtosis": -0.767216,
        "skewness": -0.316087,
        "entropy": 0.929619
      },
      "blue": {
        "min": 0,
        "max": 255,
        "mean": 103.168,
        "standardDeviation": 50.1108,
        "kurtosis": -0.773728,
        "skewness": -0.32531,
        "entropy": 0.925226
      }
    },
    "renderingIntent": "Perceptual",
    "gamma": 0.454545,
    "chromaticity": {
      "redPrimary": {
        "x": 0.64,
        "y": 0.33
      },
      "greenPrimary": {
        "x": 0.3,
        "y": 0.6
      },
      "bluePrimary": {
        "x": 0.15,
        "y": 0.06
      },
      "whitePrimary": {
        "x": 0.3127,
        "y": 0.329
      }
    },
    "backgroundColor": "#FFFFFF",
    "borderColor": "#DFDFDF",
    "matteColor": "#BDBDBD",
    "transparentColor": "#000000",
    "interlace": "None",
    "intensity": "Undefined",
    "compose": "Over",
    "pageGeometry": {
      "width": 600,
      "height": 338,
      "x": 0,
      "y": 0
    },
    "dispose": "Undefined",
    "iterations": 0,
    "compression": "JPEG",
    "orientation": "Undefined",
    "properties": {
      "comment": "Lavc60.31.102",
      "date:create": "2025-07-13T08:01:01+00:00",
      "date:modify": "2025-07-13T08:01:01+00:00",
      "jpeg:colorspace": "2",
      "jpeg:sampling-factor": "2x2,1x1,1x1",
      "signature": "0ef1f19159a163e2d3634f45371cb3bbec43f469dbe6c6c0079da78593768546"
    },
    "tainted": false,
    "filesize": "12033B",
    "numberPixels": "202800",
    "pixelsPerSecond": "123.924MB",
    "userTime": "0.010u",
    "elapsedTime": "0:01.001",
    "version": "ImageMagick 6.9.11-60 Q16 x86_64 2021-01-25 https://imagemagick.org"
  }
}
]