[{
  "version": "1.0",
  "image": {
    "name": "/var/www/imageconvert_usr/data/www/imageconvert.org/image/public/uploadt/ezgif-frame-054.jpg",
    "format": "json",
    "formatDescription": "The image format and characteristics",
    "mimeType": "application/json",
    "class": "DirectClass",
    "geometry": {
      "width": 600,
      "height": 338,
      "x": 0,
      "y": 0
    },
    "units": "Undefined",
    "type": "TrueColor",
    "endianness": "Undefined",
    "colorspace": "sRGB",
    "depth": 8,
    "baseDepth": 8,
    "channelDepth": {
      "red": 8,
      "green": 8,
      "blue": 8
    },
    "pixels": 202800,
    "imageStatistics": {
      "all": {
        "min": 0,
        "max": 255,
        "mean": 111.804,
        "standardDeviation": 48.856,
        "kurtosis": -0.525563,
        "skewness": -0.47281,
        "entropy": 0.929012
      }
    },
    "channelStatistics": {
      "red": {
        "min": 0,
        "max": 255,
        "mean": 113.675,
        "standardDeviation": 49.0886,
        "kurtosis": -0.504195,
        "skewness": -0.45999,
        "entropy": 0.932199
      },
      "green": {
        "min": 0,
        "max": 255,
        "mean": 111.533,
        "standardDeviation": 49.0606,
        "kurtosis": -0.539531,
        "skewness": -0.47987,
        "entropy": 0.928945
      },
      "blue": {
        "min": 0,
        "max": 255,
        "mean": 110.202,
        "standardDeviation": 48.4187,
        "kurtosis": -0.538443,
        "skewness": -0.483409,
        "entropy": 0.925893
      }
    },
    "renderingIntent": "Perceptual",
    "gamma": 0.454545,
    "chromaticity": {
      "redPrimary": {
        "x": 0.64,
        "y": 0.33
      },
      "greenPrimary": {
        "x": 0.3,
        "y": 0.6
      },
      "bluePrimary": {
        "x": 0.15,
        "y": 0.06
      },
      "whitePrimary": {
        "x": 0.3127,
        "y": 0.329
      }
    },
    "backgroundColor": "#FFFFFF",
    "borderColor": "#DFDFDF",
    "matteColor": "#BDBDBD",
    "transparentColor": "#000000",
    "interlace": "None",
    "intensity": "Undefined",
    "compose": "Over",
    "pageGeometry": {
      "width": 600,
      "height": 338,
      "x": 0,
      "y": 0
    },
    "dispose": "Undefined",
    "iterations": 0,
    "compression": "JPEG",
    "orientation": "Undefined",
    "properties": {
      "comment": "Lavc60.31.102",
      "date:create": "2025-07-13T08:00:54+00:00",
      "date:modify": "2025-07-13T08:00:54+00:00",
      "jpeg:colorspace": "2",
      "jpeg:sampling-factor": "2x2,1x1,1x1",
      "signature": "c3b19d58b369d311bd4a74b6bf89a2b7fa6d88e7996670500b0b73f659d770a5"
    },
    "tainted": false,
    "filesize": "11414B",
    "numberPixels": "202800",
    "pixelsPerSecond": "120.454MB",
    "userTime": "0.010u",
    "elapsedTime": "0:01.001",
    "version": "ImageMagick 6.9.11-60 Q16 x86_64 2021-01-25 https://imagemagick.org"
  }
}
]