[{
  "version": "1.0",
  "image": {
    "name": "/var/www/imageconvert_usr/data/www/imageconvert.org/image/public/uploadt/ezgif-frame-104.jpg",
    "format": "json",
    "formatDescription": "The image format and characteristics",
    "mimeType": "application/json",
    "class": "DirectClass",
    "geometry": {
      "width": 600,
      "height": 338,
      "x": 0,
      "y": 0
    },
    "units": "Undefined",
    "type": "TrueColor",
    "endianness": "Undefined",
    "colorspace": "sRGB",
    "depth": 8,
    "baseDepth": 8,
    "channelDepth": {
      "red": 8,
      "green": 8,
      "blue": 8
    },
    "pixels": 202800,
    "imageStatistics": {
      "all": {
        "min": 0,
        "max": 255,
        "mean": 106.338,
        "standardDeviation": 50.5828,
        "kurtosis": -0.711252,
        "skewness": -0.317504,
        "entropy": 0.930942
      }
    },
    "channelStatistics": {
      "red": {
        "min": 0,
        "max": 255,
        "mean": 107.486,
        "standardDeviation": 50.2887,
        "kurtosis": -0.658202,
        "skewness": -0.310094,
        "entropy": 0.934007
      },
      "green": {
        "min": 0,
        "max": 255,
        "mean": 105.629,
        "standardDeviation": 50.8924,
        "kurtosis": -0.736319,
        "skewness": -0.317595,
        "entropy": 0.931183
      },
      "blue": {
        "min": 0,
        "max": 255,
        "mean": 105.901,
        "standardDeviation": 50.5671,
        "kurtosis": -0.740924,
        "skewness": -0.323753,
        "entropy": 0.927635
      }
    },
    "renderingIntent": "Perceptual",
    "gamma": 0.454545,
    "chromaticity": {
      "redPrimary": {
        "x": 0.64,
        "y": 0.33
      },
      "greenPrimary": {
        "x": 0.3,
        "y": 0.6
      },
      "bluePrimary": {
        "x": 0.15,
        "y": 0.06
      },
      "whitePrimary": {
        "x": 0.3127,
        "y": 0.329
      }
    },
    "backgroundColor": "#FFFFFF",
    "borderColor": "#DFDFDF",
    "matteColor": "#BDBDBD",
    "transparentColor": "#000000",
    "interlace": "None",
    "intensity": "Undefined",
    "compose": "Over",
    "pageGeometry": {
      "width": 600,
      "height": 338,
      "x": 0,
      "y": 0
    },
    "dispose": "Undefined",
    "iterations": 0,
    "compression": "JPEG",
    "orientation": "Undefined",
    "properties": {
      "comment": "Lavc60.31.102",
      "date:create": "2025-07-13T08:01:00+00:00",
      "date:modify": "2025-07-13T08:01:00+00:00",
      "jpeg:colorspace": "2",
      "jpeg:sampling-factor": "2x2,1x1,1x1",
      "signature": "b974927311461266c7565d77bebf63e27cbe1f694ea280025bd40929a9acbea6"
    },
    "tainted": false,
    "filesize": "12022B",
    "numberPixels": "202800",
    "pixelsPerSecond": "112.671MB",
    "userTime": "0.000u",
    "elapsedTime": "0:01.001",
    "version": "ImageMagick 6.9.11-60 Q16 x86_64 2021-01-25 https://imagemagick.org"
  }
}
]