[{
  "version": "1.0",
  "image": {
    "name": "/var/www/imageconvert_usr/data/www/imageconvert.org/image/public/uploadt/ezgif-frame-093.jpg",
    "format": "json",
    "formatDescription": "The image format and characteristics",
    "mimeType": "application/json",
    "class": "DirectClass",
    "geometry": {
      "width": 600,
      "height": 338,
      "x": 0,
      "y": 0
    },
    "units": "Undefined",
    "type": "TrueColor",
    "endianness": "Undefined",
    "colorspace": "sRGB",
    "depth": 8,
    "baseDepth": 8,
    "channelDepth": {
      "red": 8,
      "green": 8,
      "blue": 8
    },
    "pixels": 202800,
    "imageStatistics": {
      "all": {
        "min": 0,
        "max": 255,
        "mean": 107.05,
        "standardDeviation": 50.0538,
        "kurtosis": -0.741188,
        "skewness": -0.362621,
        "entropy": 0.929113
      }
    },
    "channelStatistics": {
      "red": {
        "min": 0,
        "max": 255,
        "mean": 108.412,
        "standardDeviation": 49.8051,
        "kurtosis": -0.678659,
        "skewness": -0.359016,
        "entropy": 0.932155
      },
      "green": {
        "min": 0,
        "max": 255,
        "mean": 106.29,
        "standardDeviation": 50.4087,
        "kurtosis": -0.769805,
        "skewness": -0.361578,
        "entropy": 0.929323
      },
      "blue": {
        "min": 0,
        "max": 255,
        "mean": 106.447,
        "standardDeviation": 49.9475,
        "kurtosis": -0.777197,
        "skewness": -0.366531,
        "entropy": 0.925861
      }
    },
    "renderingIntent": "Perceptual",
    "gamma": 0.454545,
    "chromaticity": {
      "redPrimary": {
        "x": 0.64,
        "y": 0.33
      },
      "greenPrimary": {
        "x": 0.3,
        "y": 0.6
      },
      "bluePrimary": {
        "x": 0.15,
        "y": 0.06
      },
      "whitePrimary": {
        "x": 0.3127,
        "y": 0.329
      }
    },
    "backgroundColor": "#FFFFFF",
    "borderColor": "#DFDFDF",
    "matteColor": "#BDBDBD",
    "transparentColor": "#000000",
    "interlace": "None",
    "intensity": "Undefined",
    "compose": "Over",
    "pageGeometry": {
      "width": 600,
      "height": 338,
      "x": 0,
      "y": 0
    },
    "dispose": "Undefined",
    "iterations": 0,
    "compression": "JPEG",
    "orientation": "Undefined",
    "properties": {
      "comment": "Lavc60.31.102",
      "date:create": "2025-07-13T08:00:59+00:00",
      "date:modify": "2025-07-13T08:00:59+00:00",
      "jpeg:colorspace": "2",
      "jpeg:sampling-factor": "2x2,1x1,1x1",
      "signature": "0a9e96f47cf80928e2070fe8a4797b6219d8d423cf3ea1fe6dbacd51f6395a11"
    },
    "tainted": false,
    "filesize": "12297B",
    "numberPixels": "202800",
    "pixelsPerSecond": "103.845MB",
    "userTime": "0.000u",
    "elapsedTime": "0:01.001",
    "version": "ImageMagick 6.9.11-60 Q16 x86_64 2021-01-25 https://imagemagick.org"
  }
}
]