[{
  "version": "1.0",
  "image": {
    "name": "/var/www/imageconvert_usr/data/www/imageconvert.org/image/public/uploadt/ezgif-frame-060.jpg",
    "format": "json",
    "formatDescription": "The image format and characteristics",
    "mimeType": "application/json",
    "class": "DirectClass",
    "geometry": {
      "width": 600,
      "height": 338,
      "x": 0,
      "y": 0
    },
    "units": "Undefined",
    "type": "TrueColor",
    "endianness": "Undefined",
    "colorspace": "sRGB",
    "depth": 8,
    "baseDepth": 8,
    "channelDepth": {
      "red": 8,
      "green": 8,
      "blue": 8
    },
    "pixels": 202800,
    "imageStatistics": {
      "all": {
        "min": 0,
        "max": 255,
        "mean": 112.477,
        "standardDeviation": 49.5195,
        "kurtosis": -0.581201,
        "skewness": -0.492723,
        "entropy": 0.929237
      }
    },
    "channelStatistics": {
      "red": {
        "min": 0,
        "max": 255,
        "mean": 114.3,
        "standardDeviation": 49.5848,
        "kurtosis": -0.549388,
        "skewness": -0.480558,
        "entropy": 0.932657
      },
      "green": {
        "min": 0,
        "max": 255,
        "mean": 112.057,
        "standardDeviation": 49.7894,
        "kurtosis": -0.59706,
        "skewness": -0.496946,
        "entropy": 0.928879
      },
      "blue": {
        "min": 0,
        "max": 255,
        "mean": 111.072,
        "standardDeviation": 49.1841,
        "kurtosis": -0.602922,
        "skewness": -0.503641,
        "entropy": 0.926175
      }
    },
    "renderingIntent": "Perceptual",
    "gamma": 0.454545,
    "chromaticity": {
      "redPrimary": {
        "x": 0.64,
        "y": 0.33
      },
      "greenPrimary": {
        "x": 0.3,
        "y": 0.6
      },
      "bluePrimary": {
        "x": 0.15,
        "y": 0.06
      },
      "whitePrimary": {
        "x": 0.3127,
        "y": 0.329
      }
    },
    "backgroundColor": "#FFFFFF",
    "borderColor": "#DFDFDF",
    "matteColor": "#BDBDBD",
    "transparentColor": "#000000",
    "interlace": "None",
    "intensity": "Undefined",
    "compose": "Over",
    "pageGeometry": {
      "width": 600,
      "height": 338,
      "x": 0,
      "y": 0
    },
    "dispose": "Undefined",
    "iterations": 0,
    "compression": "JPEG",
    "orientation": "Undefined",
    "properties": {
      "comment": "Lavc60.31.102",
      "date:create": "2025-07-13T08:00:55+00:00",
      "date:modify": "2025-07-13T08:00:55+00:00",
      "jpeg:colorspace": "2",
      "jpeg:sampling-factor": "2x2,1x1,1x1",
      "signature": "317f4ea6a7a99fd0736327076aa01e4d4cfc175858aa5c6ffc5487fac0cfed37"
    },
    "tainted": false,
    "filesize": "11441B",
    "numberPixels": "202800",
    "pixelsPerSecond": "137.384MB",
    "userTime": "0.000u",
    "elapsedTime": "0:01.001",
    "version": "ImageMagick 6.9.11-60 Q16 x86_64 2021-01-25 https://imagemagick.org"
  }
}
]