[{
  "version": "1.0",
  "image": {
    "name": "/var/www/imageconvert_usr/data/www/imageconvert.org/image/public/uploadt/ezgif-frame-040.jpg",
    "format": "json",
    "formatDescription": "The image format and characteristics",
    "mimeType": "application/json",
    "class": "DirectClass",
    "geometry": {
      "width": 600,
      "height": 338,
      "x": 0,
      "y": 0
    },
    "units": "Undefined",
    "type": "TrueColor",
    "endianness": "Undefined",
    "colorspace": "sRGB",
    "depth": 8,
    "baseDepth": 8,
    "channelDepth": {
      "red": 8,
      "green": 8,
      "blue": 8
    },
    "pixels": 202800,
    "imageStatistics": {
      "all": {
        "min": 0,
        "max": 255,
        "mean": 108.993,
        "standardDeviation": 49.5272,
        "kurtosis": -0.664041,
        "skewness": -0.419693,
        "entropy": 0.93078
      }
    },
    "channelStatistics": {
      "red": {
        "min": 0,
        "max": 255,
        "mean": 110.251,
        "standardDeviation": 50.1005,
        "kurtosis": -0.647957,
        "skewness": -0.410876,
        "entropy": 0.933869
      },
      "green": {
        "min": 0,
        "max": 255,
        "mean": 108.461,
        "standardDeviation": 49.7019,
        "kurtosis": -0.672495,
        "skewness": -0.430615,
        "entropy": 0.930547
      },
      "blue": {
        "min": 0,
        "max": 255,
        "mean": 108.266,
        "standardDeviation": 48.7792,
        "kurtosis": -0.67703,
        "skewness": -0.421097,
        "entropy": 0.927924
      }
    },
    "renderingIntent": "Perceptual",
    "gamma": 0.454545,
    "chromaticity": {
      "redPrimary": {
        "x": 0.64,
        "y": 0.33
      },
      "greenPrimary": {
        "x": 0.3,
        "y": 0.6
      },
      "bluePrimary": {
        "x": 0.15,
        "y": 0.06
      },
      "whitePrimary": {
        "x": 0.3127,
        "y": 0.329
      }
    },
    "backgroundColor": "#FFFFFF",
    "borderColor": "#DFDFDF",
    "matteColor": "#BDBDBD",
    "transparentColor": "#000000",
    "interlace": "None",
    "intensity": "Undefined",
    "compose": "Over",
    "pageGeometry": {
      "width": 600,
      "height": 338,
      "x": 0,
      "y": 0
    },
    "dispose": "Undefined",
    "iterations": 0,
    "compression": "JPEG",
    "orientation": "Undefined",
    "properties": {
      "comment": "Lavc60.31.102",
      "date:create": "2025-07-13T08:00:52+00:00",
      "date:modify": "2025-07-13T08:00:52+00:00",
      "jpeg:colorspace": "2",
      "jpeg:sampling-factor": "2x2,1x1,1x1",
      "signature": "04f36533bb8c0d4f47145500ec897a02564c3497539d02e1a2fb5083a787e1dd"
    },
    "tainted": false,
    "filesize": "11996B",
    "numberPixels": "202800",
    "pixelsPerSecond": "139.791MB",
    "userTime": "0.000u",
    "elapsedTime": "0:01.001",
    "version": "ImageMagick 6.9.11-60 Q16 x86_64 2021-01-25 https://imagemagick.org"
  }
}
]