[{
  "version": "1.0",
  "image": {
    "name": "/var/www/imageconvert_usr/data/www/imageconvert.org/image/public/uploadt/ezgif-frame-019.jpg",
    "format": "json",
    "formatDescription": "The image format and characteristics",
    "mimeType": "application/json",
    "class": "DirectClass",
    "geometry": {
      "width": 600,
      "height": 338,
      "x": 0,
      "y": 0
    },
    "units": "Undefined",
    "type": "TrueColor",
    "endianness": "Undefined",
    "colorspace": "sRGB",
    "depth": 8,
    "baseDepth": 8,
    "channelDepth": {
      "red": 8,
      "green": 8,
      "blue": 8
    },
    "pixels": 202800,
    "imageStatistics": {
      "all": {
        "min": 0,
        "max": 255,
        "mean": 113.887,
        "standardDeviation": 48.0387,
        "kurtosis": -0.448268,
        "skewness": -0.417748,
        "entropy": 0.928842
      }
    },
    "channelStatistics": {
      "red": {
        "min": 0,
        "max": 255,
        "mean": 114.815,
        "standardDeviation": 48.6189,
        "kurtosis": -0.464381,
        "skewness": -0.407708,
        "entropy": 0.931272
      },
      "green": {
        "min": 0,
        "max": 255,
        "mean": 113.64,
        "standardDeviation": 48.2674,
        "kurtosis": -0.45368,
        "skewness": -0.429587,
        "entropy": 0.928707
      },
      "blue": {
        "min": 0,
        "max": 255,
        "mean": 113.207,
        "standardDeviation": 47.2298,
        "kurtosis": -0.428628,
        "skewness": -0.418981,
        "entropy": 0.926546
      }
    },
    "renderingIntent": "Perceptual",
    "gamma": 0.454545,
    "chromaticity": {
      "redPrimary": {
        "x": 0.64,
        "y": 0.33
      },
      "greenPrimary": {
        "x": 0.3,
        "y": 0.6
      },
      "bluePrimary": {
        "x": 0.15,
        "y": 0.06
      },
      "whitePrimary": {
        "x": 0.3127,
        "y": 0.329
      }
    },
    "backgroundColor": "#FFFFFF",
    "borderColor": "#DFDFDF",
    "matteColor": "#BDBDBD",
    "transparentColor": "#000000",
    "interlace": "None",
    "intensity": "Undefined",
    "compose": "Over",
    "pageGeometry": {
      "width": 600,
      "height": 338,
      "x": 0,
      "y": 0
    },
    "dispose": "Undefined",
    "iterations": 0,
    "compression": "JPEG",
    "orientation": "Undefined",
    "properties": {
      "comment": "Lavc60.31.102",
      "date:create": "2025-07-13T08:00:50+00:00",
      "date:modify": "2025-07-13T08:00:50+00:00",
      "jpeg:colorspace": "2",
      "jpeg:sampling-factor": "2x2,1x1,1x1",
      "signature": "2eb7094c13469232067fca595c7503b11380bfd757e0c4bce3835f5f5b5032a0"
    },
    "tainted": false,
    "filesize": "11915B",
    "numberPixels": "202800",
    "pixelsPerSecond": "113.751MB",
    "userTime": "0.010u",
    "elapsedTime": "0:01.001",
    "version": "ImageMagick 6.9.11-60 Q16 x86_64 2021-01-25 https://imagemagick.org"
  }
}
]