[{
  "version": "1.0",
  "image": {
    "name": "/var/www/imageconvert_usr/data/www/imageconvert.org/image/public/uploadt/ezgif-frame-049.jpg",
    "format": "json",
    "formatDescription": "The image format and characteristics",
    "mimeType": "application/json",
    "class": "DirectClass",
    "geometry": {
      "width": 600,
      "height": 338,
      "x": 0,
      "y": 0
    },
    "units": "Undefined",
    "type": "TrueColor",
    "endianness": "Undefined",
    "colorspace": "sRGB",
    "depth": 8,
    "baseDepth": 8,
    "channelDepth": {
      "red": 8,
      "green": 8,
      "blue": 8
    },
    "pixels": 202800,
    "imageStatistics": {
      "all": {
        "min": 0,
        "max": 255,
        "mean": 110.178,
        "standardDeviation": 48.5979,
        "kurtosis": -0.522145,
        "skewness": -0.484964,
        "entropy": 0.92712
      }
    },
    "channelStatistics": {
      "red": {
        "min": 0,
        "max": 255,
        "mean": 111.968,
        "standardDeviation": 48.8771,
        "kurtosis": -0.499195,
        "skewness": -0.475294,
        "entropy": 0.930207
      },
      "green": {
        "min": 0,
        "max": 255,
        "mean": 109.832,
        "standardDeviation": 48.7713,
        "kurtosis": -0.533318,
        "skewness": -0.495293,
        "entropy": 0.927308
      },
      "blue": {
        "min": 0,
        "max": 255,
        "mean": 108.732,
        "standardDeviation": 48.1455,
        "kurtosis": -0.538132,
        "skewness": -0.488831,
        "entropy": 0.923845
      }
    },
    "renderingIntent": "Perceptual",
    "gamma": 0.454545,
    "chromaticity": {
      "redPrimary": {
        "x": 0.64,
        "y": 0.33
      },
      "greenPrimary": {
        "x": 0.3,
        "y": 0.6
      },
      "bluePrimary": {
        "x": 0.15,
        "y": 0.06
      },
      "whitePrimary": {
        "x": 0.3127,
        "y": 0.329
      }
    },
    "backgroundColor": "#FFFFFF",
    "borderColor": "#DFDFDF",
    "matteColor": "#BDBDBD",
    "transparentColor": "#000000",
    "interlace": "None",
    "intensity": "Undefined",
    "compose": "Over",
    "pageGeometry": {
      "width": 600,
      "height": 338,
      "x": 0,
      "y": 0
    },
    "dispose": "Undefined",
    "iterations": 0,
    "compression": "JPEG",
    "orientation": "Undefined",
    "properties": {
      "comment": "Lavc60.31.102",
      "date:create": "2025-07-13T08:00:53+00:00",
      "date:modify": "2025-07-13T08:00:53+00:00",
      "jpeg:colorspace": "2",
      "jpeg:sampling-factor": "2x2,1x1,1x1",
      "signature": "60ca0aaa39172dcd746df01ddf99994fb46452faf7c9deb8088ff3dcd051f221"
    },
    "tainted": false,
    "filesize": "11909B",
    "numberPixels": "202800",
    "pixelsPerSecond": "120.136MB",
    "userTime": "0.000u",
    "elapsedTime": "0:01.001",
    "version": "ImageMagick 6.9.11-60 Q16 x86_64 2021-01-25 https://imagemagick.org"
  }
}
]