[{
  "version": "1.0",
  "image": {
    "name": "/var/www/imageconvert_usr/data/www/imageconvert.org/image/public/uploadt/ezgif-frame-044.jpg",
    "format": "json",
    "formatDescription": "The image format and characteristics",
    "mimeType": "application/json",
    "class": "DirectClass",
    "geometry": {
      "width": 600,
      "height": 338,
      "x": 0,
      "y": 0
    },
    "units": "Undefined",
    "type": "TrueColor",
    "endianness": "Undefined",
    "colorspace": "sRGB",
    "depth": 8,
    "baseDepth": 8,
    "channelDepth": {
      "red": 8,
      "green": 8,
      "blue": 8
    },
    "pixels": 202800,
    "imageStatistics": {
      "all": {
        "min": 0,
        "max": 255,
        "mean": 108.447,
        "standardDeviation": 50.0256,
        "kurtosis": -0.653831,
        "skewness": -0.466512,
        "entropy": 0.929227
      }
    },
    "channelStatistics": {
      "red": {
        "min": 0,
        "max": 255,
        "mean": 110.131,
        "standardDeviation": 50.4625,
        "kurtosis": -0.628971,
        "skewness": -0.464293,
        "entropy": 0.932071
      },
      "green": {
        "min": 0,
        "max": 255,
        "mean": 107.901,
        "standardDeviation": 50.2124,
        "kurtosis": -0.65957,
        "skewness": -0.475722,
        "entropy": 0.928826
      },
      "blue": {
        "min": 0,
        "max": 255,
        "mean": 107.31,
        "standardDeviation": 49.4019,
        "kurtosis": -0.677047,
        "skewness": -0.463671,
        "entropy": 0.926783
      }
    },
    "renderingIntent": "Perceptual",
    "gamma": 0.454545,
    "chromaticity": {
      "redPrimary": {
        "x": 0.64,
        "y": 0.33
      },
      "greenPrimary": {
        "x": 0.3,
        "y": 0.6
      },
      "bluePrimary": {
        "x": 0.15,
        "y": 0.06
      },
      "whitePrimary": {
        "x": 0.3127,
        "y": 0.329
      }
    },
    "backgroundColor": "#FFFFFF",
    "borderColor": "#DFDFDF",
    "matteColor": "#BDBDBD",
    "transparentColor": "#000000",
    "interlace": "None",
    "intensity": "Undefined",
    "compose": "Over",
    "pageGeometry": {
      "width": 600,
      "height": 338,
      "x": 0,
      "y": 0
    },
    "dispose": "Undefined",
    "iterations": 0,
    "compression": "JPEG",
    "orientation": "Undefined",
    "properties": {
      "comment": "Lavc60.31.102",
      "date:create": "2025-07-13T08:00:53+00:00",
      "date:modify": "2025-07-13T08:00:53+00:00",
      "jpeg:colorspace": "2",
      "jpeg:sampling-factor": "2x2,1x1,1x1",
      "signature": "2813985e47c7dffa3ade430d0742df2960f4fd40123d0e30f4f8678b54c66727"
    },
    "tainted": false,
    "filesize": "12168B",
    "numberPixels": "202800",
    "pixelsPerSecond": "137.047MB",
    "userTime": "0.010u",
    "elapsedTime": "0:01.001",
    "version": "ImageMagick 6.9.11-60 Q16 x86_64 2021-01-25 https://imagemagick.org"
  }
}
]