[{
  "version": "1.0",
  "image": {
    "name": "/var/www/imageconvert_usr/data/www/imageconvert.org/image/public/uploadt/ezgif-frame-076.jpg",
    "format": "json",
    "formatDescription": "The image format and characteristics",
    "mimeType": "application/json",
    "class": "DirectClass",
    "geometry": {
      "width": 600,
      "height": 338,
      "x": 0,
      "y": 0
    },
    "units": "Undefined",
    "type": "TrueColor",
    "endianness": "Undefined",
    "colorspace": "sRGB",
    "depth": 8,
    "baseDepth": 8,
    "channelDepth": {
      "red": 8,
      "green": 8,
      "blue": 8
    },
    "pixels": 202800,
    "imageStatistics": {
      "all": {
        "min": 0,
        "max": 255,
        "mean": 109.118,
        "standardDeviation": 50.438,
        "kurtosis": -0.736601,
        "skewness": -0.43882,
        "entropy": 0.927961
      }
    },
    "channelStatistics": {
      "red": {
        "min": 0,
        "max": 255,
        "mean": 110.83,
        "standardDeviation": 50.0859,
        "kurtosis": -0.667126,
        "skewness": -0.431,
        "entropy": 0.931708
      },
      "green": {
        "min": 0,
        "max": 255,
        "mean": 108.464,
        "standardDeviation": 50.7237,
        "kurtosis": -0.767397,
        "skewness": -0.441048,
        "entropy": 0.927554
      },
      "blue": {
        "min": 0,
        "max": 255,
        "mean": 108.06,
        "standardDeviation": 50.5044,
        "kurtosis": -0.779044,
        "skewness": -0.443294,
        "entropy": 0.924622
      }
    },
    "renderingIntent": "Perceptual",
    "gamma": 0.454545,
    "chromaticity": {
      "redPrimary": {
        "x": 0.64,
        "y": 0.33
      },
      "greenPrimary": {
        "x": 0.3,
        "y": 0.6
      },
      "bluePrimary": {
        "x": 0.15,
        "y": 0.06
      },
      "whitePrimary": {
        "x": 0.3127,
        "y": 0.329
      }
    },
    "backgroundColor": "#FFFFFF",
    "borderColor": "#DFDFDF",
    "matteColor": "#BDBDBD",
    "transparentColor": "#000000",
    "interlace": "None",
    "intensity": "Undefined",
    "compose": "Over",
    "pageGeometry": {
      "width": 600,
      "height": 338,
      "x": 0,
      "y": 0
    },
    "dispose": "Undefined",
    "iterations": 0,
    "compression": "JPEG",
    "orientation": "Undefined",
    "properties": {
      "comment": "Lavc60.31.102",
      "date:create": "2025-07-13T08:00:57+00:00",
      "date:modify": "2025-07-13T08:00:57+00:00",
      "jpeg:colorspace": "2",
      "jpeg:sampling-factor": "2x2,1x1,1x1",
      "signature": "3e2c742323d3080ae52194ffcd995263e3b84e459a7333debe7a4c8dc04e838c"
    },
    "tainted": false,
    "filesize": "12039B",
    "numberPixels": "202800",
    "pixelsPerSecond": "105.169MB",
    "userTime": "0.000u",
    "elapsedTime": "0:01.001",
    "version": "ImageMagick 6.9.11-60 Q16 x86_64 2021-01-25 https://imagemagick.org"
  }
}
]