[{
  "version": "1.0",
  "image": {
    "name": "/var/www/imageconvert_usr/data/www/imageconvert.org/image/public/uploadt/ezgif-frame-106.jpg",
    "format": "json",
    "formatDescription": "The image format and characteristics",
    "mimeType": "application/json",
    "class": "DirectClass",
    "geometry": {
      "width": 600,
      "height": 338,
      "x": 0,
      "y": 0
    },
    "units": "Undefined",
    "type": "TrueColor",
    "endianness": "Undefined",
    "colorspace": "sRGB",
    "depth": 8,
    "baseDepth": 8,
    "channelDepth": {
      "red": 8,
      "green": 8,
      "blue": 8
    },
    "pixels": 202800,
    "imageStatistics": {
      "all": {
        "min": 0,
        "max": 255,
        "mean": 105.624,
        "standardDeviation": 50.5141,
        "kurtosis": -0.744759,
        "skewness": -0.315601,
        "entropy": 0.9306
      }
    },
    "channelStatistics": {
      "red": {
        "min": 0,
        "max": 255,
        "mean": 106.777,
        "standardDeviation": 50.2535,
        "kurtosis": -0.696087,
        "skewness": -0.307733,
        "entropy": 0.933615
      },
      "green": {
        "min": 0,
        "max": 255,
        "mean": 104.832,
        "standardDeviation": 50.7987,
        "kurtosis": -0.766743,
        "skewness": -0.31412,
        "entropy": 0.930833
      },
      "blue": {
        "min": 0,
        "max": 255,
        "mean": 105.262,
        "standardDeviation": 50.4901,
        "kurtosis": -0.7734,
        "skewness": -0.324012,
        "entropy": 0.927353
      }
    },
    "renderingIntent": "Perceptual",
    "gamma": 0.454545,
    "chromaticity": {
      "redPrimary": {
        "x": 0.64,
        "y": 0.33
      },
      "greenPrimary": {
        "x": 0.3,
        "y": 0.6
      },
      "bluePrimary": {
        "x": 0.15,
        "y": 0.06
      },
      "whitePrimary": {
        "x": 0.3127,
        "y": 0.329
      }
    },
    "backgroundColor": "#FFFFFF",
    "borderColor": "#DFDFDF",
    "matteColor": "#BDBDBD",
    "transparentColor": "#000000",
    "interlace": "None",
    "intensity": "Undefined",
    "compose": "Over",
    "pageGeometry": {
      "width": 600,
      "height": 338,
      "x": 0,
      "y": 0
    },
    "dispose": "Undefined",
    "iterations": 0,
    "compression": "JPEG",
    "orientation": "Undefined",
    "properties": {
      "comment": "Lavc60.31.102",
      "date:create": "2025-07-13T08:01:00+00:00",
      "date:modify": "2025-07-13T08:01:00+00:00",
      "jpeg:colorspace": "2",
      "jpeg:sampling-factor": "2x2,1x1,1x1",
      "signature": "c90b15265763c7ccb30f15a1a859a8946f8aaf285fec9ba5a80545b45ad628d9"
    },
    "tainted": false,
    "filesize": "11994B",
    "numberPixels": "202800",
    "pixelsPerSecond": "118.644MB",
    "userTime": "0.000u",
    "elapsedTime": "0:01.001",
    "version": "ImageMagick 6.9.11-60 Q16 x86_64 2021-01-25 https://imagemagick.org"
  }
}
]