[{
  "version": "1.0",
  "image": {
    "name": "/var/www/imageconvert_usr/data/www/imageconvert.org/image/public/uploadt/ezgif-frame-043.jpg",
    "format": "json",
    "formatDescription": "The image format and characteristics",
    "mimeType": "application/json",
    "class": "DirectClass",
    "geometry": {
      "width": 600,
      "height": 338,
      "x": 0,
      "y": 0
    },
    "units": "Undefined",
    "type": "TrueColor",
    "endianness": "Undefined",
    "colorspace": "sRGB",
    "depth": 8,
    "baseDepth": 8,
    "channelDepth": {
      "red": 8,
      "green": 8,
      "blue": 8
    },
    "pixels": 202800,
    "imageStatistics": {
      "all": {
        "min": 0,
        "max": 255,
        "mean": 107.528,
        "standardDeviation": 50.7991,
        "kurtosis": -0.727267,
        "skewness": -0.433488,
        "entropy": 0.931311
      }
    },
    "channelStatistics": {
      "red": {
        "min": 0,
        "max": 255,
        "mean": 109.14,
        "standardDeviation": 51.3137,
        "kurtosis": -0.70007,
        "skewness": -0.435212,
        "entropy": 0.934257
      },
      "green": {
        "min": 0,
        "max": 255,
        "mean": 106.948,
        "standardDeviation": 50.9908,
        "kurtosis": -0.733167,
        "skewness": -0.442316,
        "entropy": 0.930903
      },
      "blue": {
        "min": 0,
        "max": 255,
        "mean": 106.494,
        "standardDeviation": 50.0929,
        "kurtosis": -0.752891,
        "skewness": -0.426693,
        "entropy": 0.928775
      }
    },
    "renderingIntent": "Perceptual",
    "gamma": 0.454545,
    "chromaticity": {
      "redPrimary": {
        "x": 0.64,
        "y": 0.33
      },
      "greenPrimary": {
        "x": 0.3,
        "y": 0.6
      },
      "bluePrimary": {
        "x": 0.15,
        "y": 0.06
      },
      "whitePrimary": {
        "x": 0.3127,
        "y": 0.329
      }
    },
    "backgroundColor": "#FFFFFF",
    "borderColor": "#DFDFDF",
    "matteColor": "#BDBDBD",
    "transparentColor": "#000000",
    "interlace": "None",
    "intensity": "Undefined",
    "compose": "Over",
    "pageGeometry": {
      "width": 600,
      "height": 338,
      "x": 0,
      "y": 0
    },
    "dispose": "Undefined",
    "iterations": 0,
    "compression": "JPEG",
    "orientation": "Undefined",
    "properties": {
      "comment": "Lavc60.31.102",
      "date:create": "2025-07-13T08:00:53+00:00",
      "date:modify": "2025-07-13T08:00:53+00:00",
      "jpeg:colorspace": "2",
      "jpeg:sampling-factor": "2x2,1x1,1x1",
      "signature": "60b451f9e6c093c5330c992f44df775e8d10cdb6f621421a6c927c32fed1f4c6"
    },
    "tainted": false,
    "filesize": "12303B",
    "numberPixels": "202800",
    "pixelsPerSecond": "137.405MB",
    "userTime": "0.000u",
    "elapsedTime": "0:01.001",
    "version": "ImageMagick 6.9.11-60 Q16 x86_64 2021-01-25 https://imagemagick.org"
  }
}
]