[{
  "version": "1.0",
  "image": {
    "name": "/var/www/imageconvert_usr/data/www/imageconvert.org/image/public/uploadt/ezgif-frame-139.jpg",
    "format": "json",
    "formatDescription": "The image format and characteristics",
    "mimeType": "application/json",
    "class": "DirectClass",
    "geometry": {
      "width": 600,
      "height": 338,
      "x": 0,
      "y": 0
    },
    "units": "Undefined",
    "type": "TrueColor",
    "endianness": "Undefined",
    "colorspace": "sRGB",
    "depth": 8,
    "baseDepth": 8,
    "channelDepth": {
      "red": 8,
      "green": 8,
      "blue": 8
    },
    "pixels": 202800,
    "imageStatistics": {
      "all": {
        "min": 0,
        "max": 255,
        "mean": 97.6262,
        "standardDeviation": 52.0328,
        "kurtosis": -0.851604,
        "skewness": -0.133545,
        "entropy": 0.938218
      }
    },
    "channelStatistics": {
      "red": {
        "min": 0,
        "max": 255,
        "mean": 98.8789,
        "standardDeviation": 51.6045,
        "kurtosis": -0.816042,
        "skewness": -0.115483,
        "entropy": 0.941601
      },
      "green": {
        "min": 0,
        "max": 255,
        "mean": 96.8443,
        "standardDeviation": 52.4983,
        "kurtosis": -0.881135,
        "skewness": -0.136485,
        "entropy": 0.938589
      },
      "blue": {
        "min": 0,
        "max": 255,
        "mean": 97.1552,
        "standardDeviation": 51.9957,
        "kurtosis": -0.861096,
        "skewness": -0.146372,
        "entropy": 0.934463
      }
    },
    "renderingIntent": "Perceptual",
    "gamma": 0.454545,
    "chromaticity": {
      "redPrimary": {
        "x": 0.64,
        "y": 0.33
      },
      "greenPrimary": {
        "x": 0.3,
        "y": 0.6
      },
      "bluePrimary": {
        "x": 0.15,
        "y": 0.06
      },
      "whitePrimary": {
        "x": 0.3127,
        "y": 0.329
      }
    },
    "backgroundColor": "#FFFFFF",
    "borderColor": "#DFDFDF",
    "matteColor": "#BDBDBD",
    "transparentColor": "#000000",
    "interlace": "None",
    "intensity": "Undefined",
    "compose": "Over",
    "pageGeometry": {
      "width": 600,
      "height": 338,
      "x": 0,
      "y": 0
    },
    "dispose": "Undefined",
    "iterations": 0,
    "compression": "JPEG",
    "orientation": "Undefined",
    "properties": {
      "comment": "Lavc60.31.102",
      "date:create": "2025-07-13T08:01:04+00:00",
      "date:modify": "2025-07-13T08:01:04+00:00",
      "jpeg:colorspace": "2",
      "jpeg:sampling-factor": "2x2,1x1,1x1",
      "signature": "4a46814cee9c80b993962a994707a103cb6599f64838ca8848cf49f8f3fc7c68"
    },
    "tainted": false,
    "filesize": "11372B",
    "numberPixels": "202800",
    "pixelsPerSecond": "136.576MB",
    "userTime": "0.000u",
    "elapsedTime": "0:01.001",
    "version": "ImageMagick 6.9.11-60 Q16 x86_64 2021-01-25 https://imagemagick.org"
  }
}
]