[{
  "version": "1.0",
  "image": {
    "name": "/var/www/imageconvert_usr/data/www/imageconvert.org/image/public/uploadt/ezgif-frame-003.jpg",
    "format": "json",
    "formatDescription": "The image format and characteristics",
    "mimeType": "application/json",
    "class": "DirectClass",
    "geometry": {
      "width": 600,
      "height": 338,
      "x": 0,
      "y": 0
    },
    "units": "Undefined",
    "type": "TrueColor",
    "endianness": "Undefined",
    "colorspace": "sRGB",
    "depth": 8,
    "baseDepth": 8,
    "channelDepth": {
      "red": 8,
      "green": 8,
      "blue": 8
    },
    "pixels": 202800,
    "imageStatistics": {
      "all": {
        "min": 0,
        "max": 255,
        "mean": 118.602,
        "standardDeviation": 48.5572,
        "kurtosis": -0.204104,
        "skewness": -0.632871,
        "entropy": 0.921622
      }
    },
    "channelStatistics": {
      "red": {
        "min": 0,
        "max": 255,
        "mean": 119.044,
        "standardDeviation": 48.9112,
        "kurtosis": -0.19156,
        "skewness": -0.6247,
        "entropy": 0.923788
      },
      "green": {
        "min": 0,
        "max": 255,
        "mean": 118.352,
        "standardDeviation": 48.9103,
        "kurtosis": -0.206901,
        "skewness": -0.637313,
        "entropy": 0.922333
      },
      "blue": {
        "min": 0,
        "max": 255,
        "mean": 118.412,
        "standardDeviation": 47.8502,
        "kurtosis": -0.218412,
        "skewness": -0.637192,
        "entropy": 0.918744
      }
    },
    "renderingIntent": "Perceptual",
    "gamma": 0.454545,
    "chromaticity": {
      "redPrimary": {
        "x": 0.64,
        "y": 0.33
      },
      "greenPrimary": {
        "x": 0.3,
        "y": 0.6
      },
      "bluePrimary": {
        "x": 0.15,
        "y": 0.06
      },
      "whitePrimary": {
        "x": 0.3127,
        "y": 0.329
      }
    },
    "backgroundColor": "#FFFFFF",
    "borderColor": "#DFDFDF",
    "matteColor": "#BDBDBD",
    "transparentColor": "#000000",
    "interlace": "None",
    "intensity": "Undefined",
    "compose": "Over",
    "pageGeometry": {
      "width": 600,
      "height": 338,
      "x": 0,
      "y": 0
    },
    "dispose": "Undefined",
    "iterations": 0,
    "compression": "JPEG",
    "quality": 94,
    "orientation": "Undefined",
    "properties": {
      "comment": "Lavc60.31.102",
      "date:create": "2025-07-13T08:00:48+00:00",
      "date:modify": "2025-07-13T08:00:48+00:00",
      "jpeg:colorspace": "2",
      "jpeg:sampling-factor": "2x2,1x1,1x1",
      "signature": "f6c94bf0e23212d701a843588dbf98e766c9990d298578c3820ec4403422c25f"
    },
    "tainted": false,
    "filesize": "49067B",
    "numberPixels": "202800",
    "pixelsPerSecond": "80.5192MB",
    "userTime": "0.000u",
    "elapsedTime": "0:01.002",
    "version": "ImageMagick 6.9.11-60 Q16 x86_64 2021-01-25 https://imagemagick.org"
  }
}
]