[{
  "version": "1.0",
  "image": {
    "name": "/var/www/imageconvert_usr/data/www/imageconvert.org/image/public/uploadt/ezgif-frame-124.jpg",
    "format": "json",
    "formatDescription": "The image format and characteristics",
    "mimeType": "application/json",
    "class": "DirectClass",
    "geometry": {
      "width": 600,
      "height": 338,
      "x": 0,
      "y": 0
    },
    "units": "Undefined",
    "type": "TrueColor",
    "endianness": "Undefined",
    "colorspace": "sRGB",
    "depth": 8,
    "baseDepth": 8,
    "channelDepth": {
      "red": 8,
      "green": 8,
      "blue": 8
    },
    "pixels": 202800,
    "imageStatistics": {
      "all": {
        "min": 0,
        "max": 255,
        "mean": 99.4868,
        "standardDeviation": 51.2291,
        "kurtosis": -0.815514,
        "skewness": -0.262948,
        "entropy": 0.93231
      }
    },
    "channelStatistics": {
      "red": {
        "min": 0,
        "max": 255,
        "mean": 100.793,
        "standardDeviation": 50.637,
        "kurtosis": -0.75864,
        "skewness": -0.250484,
        "entropy": 0.935516
      },
      "green": {
        "min": 0,
        "max": 255,
        "mean": 98.6775,
        "standardDeviation": 51.5945,
        "kurtosis": -0.83943,
        "skewness": -0.259432,
        "entropy": 0.932355
      },
      "blue": {
        "min": 0,
        "max": 255,
        "mean": 98.9904,
        "standardDeviation": 51.4557,
        "kurtosis": -0.850868,
        "skewness": -0.276026,
        "entropy": 0.92906
      }
    },
    "renderingIntent": "Perceptual",
    "gamma": 0.454545,
    "chromaticity": {
      "redPrimary": {
        "x": 0.64,
        "y": 0.33
      },
      "greenPrimary": {
        "x": 0.3,
        "y": 0.6
      },
      "bluePrimary": {
        "x": 0.15,
        "y": 0.06
      },
      "whitePrimary": {
        "x": 0.3127,
        "y": 0.329
      }
    },
    "backgroundColor": "#FFFFFF",
    "borderColor": "#DFDFDF",
    "matteColor": "#BDBDBD",
    "transparentColor": "#000000",
    "interlace": "None",
    "intensity": "Undefined",
    "compose": "Over",
    "pageGeometry": {
      "width": 600,
      "height": 338,
      "x": 0,
      "y": 0
    },
    "dispose": "Undefined",
    "iterations": 0,
    "compression": "JPEG",
    "orientation": "Undefined",
    "properties": {
      "comment": "Lavc60.31.102",
      "date:create": "2025-07-13T08:01:03+00:00",
      "date:modify": "2025-07-13T08:01:03+00:00",
      "jpeg:colorspace": "2",
      "jpeg:sampling-factor": "2x2,1x1,1x1",
      "signature": "b4d733c727f7aa4e5d9a175513ba35caefe9d975603e4a84e9deec75c0fbf378"
    },
    "tainted": false,
    "filesize": "11796B",
    "numberPixels": "202800",
    "pixelsPerSecond": "126.506MB",
    "userTime": "0.000u",
    "elapsedTime": "0:01.001",
    "version": "ImageMagick 6.9.11-60 Q16 x86_64 2021-01-25 https://imagemagick.org"
  }
}
]