[{
  "version": "1.0",
  "image": {
    "name": "/var/www/imageconvert_usr/data/www/imageconvert.org/image/public/uploadt/ezgif-frame-006.jpg",
    "format": "json",
    "formatDescription": "The image format and characteristics",
    "mimeType": "application/json",
    "class": "DirectClass",
    "geometry": {
      "width": 600,
      "height": 338,
      "x": 0,
      "y": 0
    },
    "units": "Undefined",
    "type": "TrueColor",
    "endianness": "Undefined",
    "colorspace": "sRGB",
    "depth": 8,
    "baseDepth": 8,
    "channelDepth": {
      "red": 8,
      "green": 8,
      "blue": 8
    },
    "pixels": 202800,
    "imageStatistics": {
      "all": {
        "min": 0,
        "max": 255,
        "mean": 118.182,
        "standardDeviation": 48.416,
        "kurtosis": -0.240097,
        "skewness": -0.605121,
        "entropy": 0.923969
      }
    },
    "channelStatistics": {
      "red": {
        "min": 0,
        "max": 255,
        "mean": 118.689,
        "standardDeviation": 48.8239,
        "kurtosis": -0.23919,
        "skewness": -0.592029,
        "entropy": 0.926409
      },
      "green": {
        "min": 0,
        "max": 255,
        "mean": 117.872,
        "standardDeviation": 48.7395,
        "kurtosis": -0.24726,
        "skewness": -0.609226,
        "entropy": 0.924511
      },
      "blue": {
        "min": 0,
        "max": 255,
        "mean": 117.984,
        "standardDeviation": 47.6845,
        "kurtosis": -0.23749,
        "skewness": -0.615289,
        "entropy": 0.920987
      }
    },
    "renderingIntent": "Perceptual",
    "gamma": 0.454545,
    "chromaticity": {
      "redPrimary": {
        "x": 0.64,
        "y": 0.33
      },
      "greenPrimary": {
        "x": 0.3,
        "y": 0.6
      },
      "bluePrimary": {
        "x": 0.15,
        "y": 0.06
      },
      "whitePrimary": {
        "x": 0.3127,
        "y": 0.329
      }
    },
    "backgroundColor": "#FFFFFF",
    "borderColor": "#DFDFDF",
    "matteColor": "#BDBDBD",
    "transparentColor": "#000000",
    "interlace": "None",
    "intensity": "Undefined",
    "compose": "Over",
    "pageGeometry": {
      "width": 600,
      "height": 338,
      "x": 0,
      "y": 0
    },
    "dispose": "Undefined",
    "iterations": 0,
    "compression": "JPEG",
    "quality": 76,
    "orientation": "Undefined",
    "properties": {
      "comment": "Lavc60.31.102",
      "date:create": "2025-07-13T08:00:48+00:00",
      "date:modify": "2025-07-13T08:00:48+00:00",
      "jpeg:colorspace": "2",
      "jpeg:sampling-factor": "2x2,1x1,1x1",
      "signature": "2c79bed033d565a73e38fb0f23b6ad898b440b94f88a2be0d2edb301193f1d22"
    },
    "tainted": false,
    "filesize": "24172B",
    "numberPixels": "202800",
    "pixelsPerSecond": "118.167MB",
    "userTime": "0.000u",
    "elapsedTime": "0:01.001",
    "version": "ImageMagick 6.9.11-60 Q16 x86_64 2021-01-25 https://imagemagick.org"
  }
}
]