[{
  "version": "1.0",
  "image": {
    "name": "/var/www/imageconvert_usr/data/www/imageconvert.org/image/public/uploadt/ezgif-frame-137.jpg",
    "format": "json",
    "formatDescription": "The image format and characteristics",
    "mimeType": "application/json",
    "class": "DirectClass",
    "geometry": {
      "width": 600,
      "height": 338,
      "x": 0,
      "y": 0
    },
    "units": "Undefined",
    "type": "TrueColor",
    "endianness": "Undefined",
    "colorspace": "sRGB",
    "depth": 8,
    "baseDepth": 8,
    "channelDepth": {
      "red": 8,
      "green": 8,
      "blue": 8
    },
    "pixels": 202800,
    "imageStatistics": {
      "all": {
        "min": 0,
        "max": 255,
        "mean": 97.5357,
        "standardDeviation": 52.2548,
        "kurtosis": -0.862692,
        "skewness": -0.13918,
        "entropy": 0.938116
      }
    },
    "channelStatistics": {
      "red": {
        "min": 0,
        "max": 255,
        "mean": 98.8496,
        "standardDeviation": 51.7409,
        "kurtosis": -0.823435,
        "skewness": -0.120101,
        "entropy": 0.941573
      },
      "green": {
        "min": 0,
        "max": 255,
        "mean": 96.7596,
        "standardDeviation": 52.6967,
        "kurtosis": -0.893391,
        "skewness": -0.142064,
        "entropy": 0.938318
      },
      "blue": {
        "min": 0,
        "max": 255,
        "mean": 96.9979,
        "standardDeviation": 52.3269,
        "kurtosis": -0.874942,
        "skewness": -0.152544,
        "entropy": 0.934459
      }
    },
    "renderingIntent": "Perceptual",
    "gamma": 0.454545,
    "chromaticity": {
      "redPrimary": {
        "x": 0.64,
        "y": 0.33
      },
      "greenPrimary": {
        "x": 0.3,
        "y": 0.6
      },
      "bluePrimary": {
        "x": 0.15,
        "y": 0.06
      },
      "whitePrimary": {
        "x": 0.3127,
        "y": 0.329
      }
    },
    "backgroundColor": "#FFFFFF",
    "borderColor": "#DFDFDF",
    "matteColor": "#BDBDBD",
    "transparentColor": "#000000",
    "interlace": "None",
    "intensity": "Undefined",
    "compose": "Over",
    "pageGeometry": {
      "width": 600,
      "height": 338,
      "x": 0,
      "y": 0
    },
    "dispose": "Undefined",
    "iterations": 0,
    "compression": "JPEG",
    "orientation": "Undefined",
    "properties": {
      "comment": "Lavc60.31.102",
      "date:create": "2025-07-13T08:01:04+00:00",
      "date:modify": "2025-07-13T08:01:04+00:00",
      "jpeg:colorspace": "2",
      "jpeg:sampling-factor": "2x2,1x1,1x1",
      "signature": "ab8d4b67682b79901da33008cb25f03da0df7814b5e7824a6642a41554a5b9e0"
    },
    "tainted": false,
    "filesize": "11536B",
    "numberPixels": "202800",
    "pixelsPerSecond": "159.585MB",
    "userTime": "0.000u",
    "elapsedTime": "0:01.001",
    "version": "ImageMagick 6.9.11-60 Q16 x86_64 2021-01-25 https://imagemagick.org"
  }
}
]