[{
  "version": "1.0",
  "image": {
    "name": "/var/www/imageconvert_usr/data/www/imageconvert.org/image/public/uploadt/ezgif-frame-045.jpg",
    "format": "json",
    "formatDescription": "The image format and characteristics",
    "mimeType": "application/json",
    "class": "DirectClass",
    "geometry": {
      "width": 600,
      "height": 338,
      "x": 0,
      "y": 0
    },
    "units": "Undefined",
    "type": "TrueColor",
    "endianness": "Undefined",
    "colorspace": "sRGB",
    "depth": 8,
    "baseDepth": 8,
    "channelDepth": {
      "red": 8,
      "green": 8,
      "blue": 8
    },
    "pixels": 202800,
    "imageStatistics": {
      "all": {
        "min": 0,
        "max": 255,
        "mean": 109.322,
        "standardDeviation": 49.3336,
        "kurtosis": -0.566993,
        "skewness": -0.47792,
        "entropy": 0.928817
      }
    },
    "channelStatistics": {
      "red": {
        "min": 0,
        "max": 255,
        "mean": 111.056,
        "standardDeviation": 49.7873,
        "kurtosis": -0.541951,
        "skewness": -0.47513,
        "entropy": 0.931637
      },
      "green": {
        "min": 0,
        "max": 255,
        "mean": 108.83,
        "standardDeviation": 49.4954,
        "kurtosis": -0.576309,
        "skewness": -0.489675,
        "entropy": 0.928429
      },
      "blue": {
        "min": 0,
        "max": 255,
        "mean": 108.079,
        "standardDeviation": 48.7181,
        "kurtosis": -0.586228,
        "skewness": -0.473638,
        "entropy": 0.926383
      }
    },
    "renderingIntent": "Perceptual",
    "gamma": 0.454545,
    "chromaticity": {
      "redPrimary": {
        "x": 0.64,
        "y": 0.33
      },
      "greenPrimary": {
        "x": 0.3,
        "y": 0.6
      },
      "bluePrimary": {
        "x": 0.15,
        "y": 0.06
      },
      "whitePrimary": {
        "x": 0.3127,
        "y": 0.329
      }
    },
    "backgroundColor": "#FFFFFF",
    "borderColor": "#DFDFDF",
    "matteColor": "#BDBDBD",
    "transparentColor": "#000000",
    "interlace": "None",
    "intensity": "Undefined",
    "compose": "Over",
    "pageGeometry": {
      "width": 600,
      "height": 338,
      "x": 0,
      "y": 0
    },
    "dispose": "Undefined",
    "iterations": 0,
    "compression": "JPEG",
    "orientation": "Undefined",
    "properties": {
      "comment": "Lavc60.31.102",
      "date:create": "2025-07-13T08:00:53+00:00",
      "date:modify": "2025-07-13T08:00:53+00:00",
      "jpeg:colorspace": "2",
      "jpeg:sampling-factor": "2x2,1x1,1x1",
      "signature": "b46f43861ce3e0d33ca0e754d4dabbc158e78fd77d78bc27b5949e4a98655012"
    },
    "tainted": false,
    "filesize": "12008B",
    "numberPixels": "202800",
    "pixelsPerSecond": "147.533MB",
    "userTime": "0.000u",
    "elapsedTime": "0:01.001",
    "version": "ImageMagick 6.9.11-60 Q16 x86_64 2021-01-25 https://imagemagick.org"
  }
}
]