[{
  "version": "1.0",
  "image": {
    "name": "/var/www/imageconvert_usr/data/www/imageconvert.org/image/public/uploadt/ezgif-frame-069.jpg",
    "format": "json",
    "formatDescription": "The image format and characteristics",
    "mimeType": "application/json",
    "class": "DirectClass",
    "geometry": {
      "width": 600,
      "height": 338,
      "x": 0,
      "y": 0
    },
    "units": "Undefined",
    "type": "TrueColor",
    "endianness": "Undefined",
    "colorspace": "sRGB",
    "depth": 8,
    "baseDepth": 8,
    "channelDepth": {
      "red": 8,
      "green": 8,
      "blue": 8
    },
    "pixels": 202800,
    "imageStatistics": {
      "all": {
        "min": 0,
        "max": 255,
        "mean": 111.118,
        "standardDeviation": 50.293,
        "kurtosis": -0.684997,
        "skewness": -0.490581,
        "entropy": 0.92835
      }
    },
    "channelStatistics": {
      "red": {
        "min": 0,
        "max": 255,
        "mean": 112.769,
        "standardDeviation": 50.1752,
        "kurtosis": -0.630745,
        "skewness": -0.480864,
        "entropy": 0.932167
      },
      "green": {
        "min": 0,
        "max": 255,
        "mean": 110.656,
        "standardDeviation": 50.5206,
        "kurtosis": -0.711391,
        "skewness": -0.492885,
        "entropy": 0.927917
      },
      "blue": {
        "min": 0,
        "max": 255,
        "mean": 109.929,
        "standardDeviation": 50.1832,
        "kurtosis": -0.717319,
        "skewness": -0.498805,
        "entropy": 0.924965
      }
    },
    "renderingIntent": "Perceptual",
    "gamma": 0.454545,
    "chromaticity": {
      "redPrimary": {
        "x": 0.64,
        "y": 0.33
      },
      "greenPrimary": {
        "x": 0.3,
        "y": 0.6
      },
      "bluePrimary": {
        "x": 0.15,
        "y": 0.06
      },
      "whitePrimary": {
        "x": 0.3127,
        "y": 0.329
      }
    },
    "backgroundColor": "#FFFFFF",
    "borderColor": "#DFDFDF",
    "matteColor": "#BDBDBD",
    "transparentColor": "#000000",
    "interlace": "None",
    "intensity": "Undefined",
    "compose": "Over",
    "pageGeometry": {
      "width": 600,
      "height": 338,
      "x": 0,
      "y": 0
    },
    "dispose": "Undefined",
    "iterations": 0,
    "compression": "JPEG",
    "orientation": "Undefined",
    "properties": {
      "comment": "Lavc60.31.102",
      "date:create": "2025-07-13T08:00:56+00:00",
      "date:modify": "2025-07-13T08:00:56+00:00",
      "jpeg:colorspace": "2",
      "jpeg:sampling-factor": "2x2,1x1,1x1",
      "signature": "88470a5dd51024bc4a96bcd697e617d148cf3ff36efd2478db164aaff69c3292"
    },
    "tainted": false,
    "filesize": "11847B",
    "numberPixels": "202800",
    "pixelsPerSecond": "108.212MB",
    "userTime": "0.010u",
    "elapsedTime": "0:01.001",
    "version": "ImageMagick 6.9.11-60 Q16 x86_64 2021-01-25 https://imagemagick.org"
  }
}
]