[{
  "version": "1.0",
  "image": {
    "name": "/var/www/imageconvert_usr/data/www/imageconvert.org/image/public/uploadt/ezgif-frame-026.jpg",
    "format": "json",
    "formatDescription": "The image format and characteristics",
    "mimeType": "application/json",
    "class": "DirectClass",
    "geometry": {
      "width": 600,
      "height": 338,
      "x": 0,
      "y": 0
    },
    "units": "Undefined",
    "type": "TrueColor",
    "endianness": "Undefined",
    "colorspace": "sRGB",
    "depth": 8,
    "baseDepth": 8,
    "channelDepth": {
      "red": 8,
      "green": 8,
      "blue": 8
    },
    "pixels": 202800,
    "imageStatistics": {
      "all": {
        "min": 0,
        "max": 255,
        "mean": 112.477,
        "standardDeviation": 48.5896,
        "kurtosis": -0.48008,
        "skewness": -0.370969,
        "entropy": 0.932873
      }
    },
    "channelStatistics": {
      "red": {
        "min": 0,
        "max": 255,
        "mean": 113.492,
        "standardDeviation": 49.1978,
        "kurtosis": -0.486134,
        "skewness": -0.352812,
        "entropy": 0.936063
      },
      "green": {
        "min": 0,
        "max": 255,
        "mean": 112.18,
        "standardDeviation": 48.736,
        "kurtosis": -0.489581,
        "skewness": -0.384089,
        "entropy": 0.93229
      },
      "blue": {
        "min": 0,
        "max": 255,
        "mean": 111.761,
        "standardDeviation": 47.835,
        "kurtosis": -0.468531,
        "skewness": -0.37998,
        "entropy": 0.930265
      }
    },
    "renderingIntent": "Perceptual",
    "gamma": 0.454545,
    "chromaticity": {
      "redPrimary": {
        "x": 0.64,
        "y": 0.33
      },
      "greenPrimary": {
        "x": 0.3,
        "y": 0.6
      },
      "bluePrimary": {
        "x": 0.15,
        "y": 0.06
      },
      "whitePrimary": {
        "x": 0.3127,
        "y": 0.329
      }
    },
    "backgroundColor": "#FFFFFF",
    "borderColor": "#DFDFDF",
    "matteColor": "#BDBDBD",
    "transparentColor": "#000000",
    "interlace": "None",
    "intensity": "Undefined",
    "compose": "Over",
    "pageGeometry": {
      "width": 600,
      "height": 338,
      "x": 0,
      "y": 0
    },
    "dispose": "Undefined",
    "iterations": 0,
    "compression": "JPEG",
    "orientation": "Undefined",
    "properties": {
      "comment": "Lavc60.31.102",
      "date:create": "2025-07-13T08:00:51+00:00",
      "date:modify": "2025-07-13T08:00:51+00:00",
      "jpeg:colorspace": "2",
      "jpeg:sampling-factor": "2x2,1x1,1x1",
      "signature": "0b053a077c74ff99b2d32fe4bbcc0d1d6fb0a60ae5acf2d15cff1217370c54cd"
    },
    "tainted": false,
    "filesize": "11927B",
    "numberPixels": "202800",
    "pixelsPerSecond": "116.991MB",
    "userTime": "0.000u",
    "elapsedTime": "0:01.001",
    "version": "ImageMagick 6.9.11-60 Q16 x86_64 2021-01-25 https://imagemagick.org"
  }
}
]