[{
  "version": "1.0",
  "image": {
    "name": "/var/www/imageconvert_usr/data/www/imageconvert.org/image/public/uploadt/ezgif-frame-143.jpg",
    "format": "json",
    "formatDescription": "The image format and characteristics",
    "mimeType": "application/json",
    "class": "DirectClass",
    "geometry": {
      "width": 600,
      "height": 338,
      "x": 0,
      "y": 0
    },
    "units": "Undefined",
    "type": "TrueColor",
    "endianness": "Undefined",
    "colorspace": "sRGB",
    "depth": 8,
    "baseDepth": 8,
    "channelDepth": {
      "red": 8,
      "green": 8,
      "blue": 8
    },
    "pixels": 202800,
    "imageStatistics": {
      "all": {
        "min": 0,
        "max": 255,
        "mean": 98.1457,
        "standardDeviation": 51.9931,
        "kurtosis": -0.829431,
        "skewness": -0.134402,
        "entropy": 0.938613
      }
    },
    "channelStatistics": {
      "red": {
        "min": 0,
        "max": 255,
        "mean": 99.2022,
        "standardDeviation": 51.6955,
        "kurtosis": -0.795305,
        "skewness": -0.118542,
        "entropy": 0.94209
      },
      "green": {
        "min": 0,
        "max": 255,
        "mean": 97.2175,
        "standardDeviation": 52.4438,
        "kurtosis": -0.857316,
        "skewness": -0.137205,
        "entropy": 0.938847
      },
      "blue": {
        "min": 0,
        "max": 255,
        "mean": 98.0174,
        "standardDeviation": 51.84,
        "kurtosis": -0.838319,
        "skewness": -0.145755,
        "entropy": 0.934901
      }
    },
    "renderingIntent": "Perceptual",
    "gamma": 0.454545,
    "chromaticity": {
      "redPrimary": {
        "x": 0.64,
        "y": 0.33
      },
      "greenPrimary": {
        "x": 0.3,
        "y": 0.6
      },
      "bluePrimary": {
        "x": 0.15,
        "y": 0.06
      },
      "whitePrimary": {
        "x": 0.3127,
        "y": 0.329
      }
    },
    "backgroundColor": "#FFFFFF",
    "borderColor": "#DFDFDF",
    "matteColor": "#BDBDBD",
    "transparentColor": "#000000",
    "interlace": "None",
    "intensity": "Undefined",
    "compose": "Over",
    "pageGeometry": {
      "width": 600,
      "height": 338,
      "x": 0,
      "y": 0
    },
    "dispose": "Undefined",
    "iterations": 0,
    "compression": "JPEG",
    "orientation": "Undefined",
    "properties": {
      "comment": "Lavc60.31.102",
      "date:create": "2025-07-13T08:01:05+00:00",
      "date:modify": "2025-07-13T08:01:05+00:00",
      "jpeg:colorspace": "2",
      "jpeg:sampling-factor": "2x2,1x1,1x1",
      "signature": "570c6859e08a52d5721a64fc48d82b9ca38938fb6aaea344ee2fca74f74d6d5e"
    },
    "tainted": false,
    "filesize": "11502B",
    "numberPixels": "202800",
    "pixelsPerSecond": "107.367MB",
    "userTime": "0.000u",
    "elapsedTime": "0:01.001",
    "version": "ImageMagick 6.9.11-60 Q16 x86_64 2021-01-25 https://imagemagick.org"
  }
}
]