[{
  "version": "1.0",
  "image": {
    "name": "/var/www/imageconvert_usr/data/www/imageconvert.org/image/public/uploadt/ezgif-frame-021.jpg",
    "format": "json",
    "formatDescription": "The image format and characteristics",
    "mimeType": "application/json",
    "class": "DirectClass",
    "geometry": {
      "width": 600,
      "height": 338,
      "x": 0,
      "y": 0
    },
    "units": "Undefined",
    "type": "TrueColor",
    "endianness": "Undefined",
    "colorspace": "sRGB",
    "depth": 8,
    "baseDepth": 8,
    "channelDepth": {
      "red": 8,
      "green": 8,
      "blue": 8
    },
    "pixels": 202800,
    "imageStatistics": {
      "all": {
        "min": 0,
        "max": 255,
        "mean": 112.874,
        "standardDeviation": 48.2721,
        "kurtosis": -0.481456,
        "skewness": -0.388292,
        "entropy": 0.930683
      }
    },
    "channelStatistics": {
      "red": {
        "min": 0,
        "max": 255,
        "mean": 113.804,
        "standardDeviation": 48.8836,
        "kurtosis": -0.49709,
        "skewness": -0.374821,
        "entropy": 0.93303
      },
      "green": {
        "min": 0,
        "max": 255,
        "mean": 112.664,
        "standardDeviation": 48.4908,
        "kurtosis": -0.486856,
        "skewness": -0.402335,
        "entropy": 0.930969
      },
      "blue": {
        "min": 0,
        "max": 255,
        "mean": 112.153,
        "standardDeviation": 47.4419,
        "kurtosis": -0.462952,
        "skewness": -0.391151,
        "entropy": 0.928049
      }
    },
    "renderingIntent": "Perceptual",
    "gamma": 0.454545,
    "chromaticity": {
      "redPrimary": {
        "x": 0.64,
        "y": 0.33
      },
      "greenPrimary": {
        "x": 0.3,
        "y": 0.6
      },
      "bluePrimary": {
        "x": 0.15,
        "y": 0.06
      },
      "whitePrimary": {
        "x": 0.3127,
        "y": 0.329
      }
    },
    "backgroundColor": "#FFFFFF",
    "borderColor": "#DFDFDF",
    "matteColor": "#BDBDBD",
    "transparentColor": "#000000",
    "interlace": "None",
    "intensity": "Undefined",
    "compose": "Over",
    "pageGeometry": {
      "width": 600,
      "height": 338,
      "x": 0,
      "y": 0
    },
    "dispose": "Undefined",
    "iterations": 0,
    "compression": "JPEG",
    "orientation": "Undefined",
    "properties": {
      "comment": "Lavc60.31.102",
      "date:create": "2025-07-13T08:00:50+00:00",
      "date:modify": "2025-07-13T08:00:50+00:00",
      "jpeg:colorspace": "2",
      "jpeg:sampling-factor": "2x2,1x1,1x1",
      "signature": "18a06e8f6323213ca330b04a064e5a58f99c40ff9dfe780f4c718b1e77c48f34"
    },
    "tainted": false,
    "filesize": "11888B",
    "numberPixels": "202800",
    "pixelsPerSecond": "143.045MB",
    "userTime": "0.000u",
    "elapsedTime": "0:01.001",
    "version": "ImageMagick 6.9.11-60 Q16 x86_64 2021-01-25 https://imagemagick.org"
  }
}
]