[{
  "version": "1.0",
  "image": {
    "name": "/var/www/imageconvert_usr/data/www/imageconvert.org/image/public/uploadt/ezgif-frame-051.jpg",
    "format": "json",
    "formatDescription": "The image format and characteristics",
    "mimeType": "application/json",
    "class": "DirectClass",
    "geometry": {
      "width": 600,
      "height": 338,
      "x": 0,
      "y": 0
    },
    "units": "Undefined",
    "type": "TrueColor",
    "endianness": "Undefined",
    "colorspace": "sRGB",
    "depth": 8,
    "baseDepth": 8,
    "channelDepth": {
      "red": 8,
      "green": 8,
      "blue": 8
    },
    "pixels": 202800,
    "imageStatistics": {
      "all": {
        "min": 0,
        "max": 255,
        "mean": 111.645,
        "standardDeviation": 48.4724,
        "kurtosis": -0.490449,
        "skewness": -0.497385,
        "entropy": 0.927032
      }
    },
    "channelStatistics": {
      "red": {
        "min": 0,
        "max": 255,
        "mean": 113.426,
        "standardDeviation": 48.7189,
        "kurtosis": -0.467017,
        "skewness": -0.486505,
        "entropy": 0.929955
      },
      "green": {
        "min": 0,
        "max": 255,
        "mean": 111.454,
        "standardDeviation": 48.6878,
        "kurtosis": -0.502747,
        "skewness": -0.508638,
        "entropy": 0.926893
      },
      "blue": {
        "min": 0,
        "max": 255,
        "mean": 110.054,
        "standardDeviation": 48.0106,
        "kurtosis": -0.505679,
        "skewness": -0.501766,
        "entropy": 0.924247
      }
    },
    "renderingIntent": "Perceptual",
    "gamma": 0.454545,
    "chromaticity": {
      "redPrimary": {
        "x": 0.64,
        "y": 0.33
      },
      "greenPrimary": {
        "x": 0.3,
        "y": 0.6
      },
      "bluePrimary": {
        "x": 0.15,
        "y": 0.06
      },
      "whitePrimary": {
        "x": 0.3127,
        "y": 0.329
      }
    },
    "backgroundColor": "#FFFFFF",
    "borderColor": "#DFDFDF",
    "matteColor": "#BDBDBD",
    "transparentColor": "#000000",
    "interlace": "None",
    "intensity": "Undefined",
    "compose": "Over",
    "pageGeometry": {
      "width": 600,
      "height": 338,
      "x": 0,
      "y": 0
    },
    "dispose": "Undefined",
    "iterations": 0,
    "compression": "JPEG",
    "orientation": "Undefined",
    "properties": {
      "comment": "Lavc60.31.102",
      "date:create": "2025-07-13T08:00:54+00:00",
      "date:modify": "2025-07-13T08:00:54+00:00",
      "jpeg:colorspace": "2",
      "jpeg:sampling-factor": "2x2,1x1,1x1",
      "signature": "5ec9b9ebff5d836bf4e296e04610cae0c9644364c52149c828b30d4fc478d9c9"
    },
    "tainted": false,
    "filesize": "11817B",
    "numberPixels": "202800",
    "pixelsPerSecond": "123.79MB",
    "userTime": "0.000u",
    "elapsedTime": "0:01.001",
    "version": "ImageMagick 6.9.11-60 Q16 x86_64 2021-01-25 https://imagemagick.org"
  }
}
]