[{
  "version": "1.0",
  "image": {
    "name": "/var/www/imageconvert_usr/data/www/imageconvert.org/image/public/uploadt/ezgif-frame-129.jpg",
    "format": "json",
    "formatDescription": "The image format and characteristics",
    "mimeType": "application/json",
    "class": "DirectClass",
    "geometry": {
      "width": 600,
      "height": 338,
      "x": 0,
      "y": 0
    },
    "units": "Undefined",
    "type": "TrueColor",
    "endianness": "Undefined",
    "colorspace": "sRGB",
    "depth": 8,
    "baseDepth": 8,
    "channelDepth": {
      "red": 8,
      "green": 8,
      "blue": 8
    },
    "pixels": 202800,
    "imageStatistics": {
      "all": {
        "min": 0,
        "max": 255,
        "mean": 98.1644,
        "standardDeviation": 51.5355,
        "kurtosis": -0.856167,
        "skewness": -0.215632,
        "entropy": 0.934093
      }
    },
    "channelStatistics": {
      "red": {
        "min": 0,
        "max": 255,
        "mean": 99.6105,
        "standardDeviation": 50.8865,
        "kurtosis": -0.800042,
        "skewness": -0.203859,
        "entropy": 0.937246
      },
      "green": {
        "min": 0,
        "max": 255,
        "mean": 97.3217,
        "standardDeviation": 51.9516,
        "kurtosis": -0.884022,
        "skewness": -0.213833,
        "entropy": 0.933966
      },
      "blue": {
        "min": 0,
        "max": 255,
        "mean": 97.561,
        "standardDeviation": 51.7685,
        "kurtosis": -0.887285,
        "skewness": -0.225771,
        "entropy": 0.931066
      }
    },
    "renderingIntent": "Perceptual",
    "gamma": 0.454545,
    "chromaticity": {
      "redPrimary": {
        "x": 0.64,
        "y": 0.33
      },
      "greenPrimary": {
        "x": 0.3,
        "y": 0.6
      },
      "bluePrimary": {
        "x": 0.15,
        "y": 0.06
      },
      "whitePrimary": {
        "x": 0.3127,
        "y": 0.329
      }
    },
    "backgroundColor": "#FFFFFF",
    "borderColor": "#DFDFDF",
    "matteColor": "#BDBDBD",
    "transparentColor": "#000000",
    "interlace": "None",
    "intensity": "Undefined",
    "compose": "Over",
    "pageGeometry": {
      "width": 600,
      "height": 338,
      "x": 0,
      "y": 0
    },
    "dispose": "Undefined",
    "iterations": 0,
    "compression": "JPEG",
    "orientation": "Undefined",
    "properties": {
      "comment": "Lavc60.31.102",
      "date:create": "2025-07-13T08:01:03+00:00",
      "date:modify": "2025-07-13T08:01:03+00:00",
      "jpeg:colorspace": "2",
      "jpeg:sampling-factor": "2x2,1x1,1x1",
      "signature": "eb5b4bf2a7ee2e7ca37154abafb73dfe25874a411b15f0b5a645e92d1fe5be0d"
    },
    "tainted": false,
    "filesize": "11814B",
    "numberPixels": "202800",
    "pixelsPerSecond": "141.16MB",
    "userTime": "0.000u",
    "elapsedTime": "0:01.001",
    "version": "ImageMagick 6.9.11-60 Q16 x86_64 2021-01-25 https://imagemagick.org"
  }
}
]