[{
  "version": "1.0",
  "image": {
    "name": "/var/www/imageconvert_usr/data/www/imageconvert.org/image/public/uploadt/ezgif-frame-034.jpg",
    "format": "json",
    "formatDescription": "The image format and characteristics",
    "mimeType": "application/json",
    "class": "DirectClass",
    "geometry": {
      "width": 600,
      "height": 338,
      "x": 0,
      "y": 0
    },
    "units": "Undefined",
    "type": "TrueColor",
    "endianness": "Undefined",
    "colorspace": "sRGB",
    "depth": 8,
    "baseDepth": 8,
    "channelDepth": {
      "red": 8,
      "green": 8,
      "blue": 8
    },
    "pixels": 202800,
    "imageStatistics": {
      "all": {
        "min": 0,
        "max": 255,
        "mean": 110.608,
        "standardDeviation": 48.8817,
        "kurtosis": -0.633726,
        "skewness": -0.422574,
        "entropy": 0.930443
      }
    },
    "channelStatistics": {
      "red": {
        "min": 0,
        "max": 255,
        "mean": 111.721,
        "standardDeviation": 49.4169,
        "kurtosis": -0.627778,
        "skewness": -0.410374,
        "entropy": 0.933739
      },
      "green": {
        "min": 0,
        "max": 255,
        "mean": 110.098,
        "standardDeviation": 49.0102,
        "kurtosis": -0.642577,
        "skewness": -0.435023,
        "entropy": 0.929385
      },
      "blue": {
        "min": 0,
        "max": 255,
        "mean": 110.004,
        "standardDeviation": 48.218,
        "kurtosis": -0.6349,
        "skewness": -0.425383,
        "entropy": 0.928205
      }
    },
    "renderingIntent": "Perceptual",
    "gamma": 0.454545,
    "chromaticity": {
      "redPrimary": {
        "x": 0.64,
        "y": 0.33
      },
      "greenPrimary": {
        "x": 0.3,
        "y": 0.6
      },
      "bluePrimary": {
        "x": 0.15,
        "y": 0.06
      },
      "whitePrimary": {
        "x": 0.3127,
        "y": 0.329
      }
    },
    "backgroundColor": "#FFFFFF",
    "borderColor": "#DFDFDF",
    "matteColor": "#BDBDBD",
    "transparentColor": "#000000",
    "interlace": "None",
    "intensity": "Undefined",
    "compose": "Over",
    "pageGeometry": {
      "width": 600,
      "height": 338,
      "x": 0,
      "y": 0
    },
    "dispose": "Undefined",
    "iterations": 0,
    "compression": "JPEG",
    "orientation": "Undefined",
    "properties": {
      "comment": "Lavc60.31.102",
      "date:create": "2025-07-13T08:00:52+00:00",
      "date:modify": "2025-07-13T08:00:52+00:00",
      "jpeg:colorspace": "2",
      "jpeg:sampling-factor": "2x2,1x1,1x1",
      "signature": "4d946457a2f175e244125868d40811883bd649cf23a43678e0cb39ebadc7e33b"
    },
    "tainted": false,
    "filesize": "12079B",
    "numberPixels": "202800",
    "pixelsPerSecond": "136.69MB",
    "userTime": "0.000u",
    "elapsedTime": "0:01.001",
    "version": "ImageMagick 6.9.11-60 Q16 x86_64 2021-01-25 https://imagemagick.org"
  }
}
]