[{
  "version": "1.0",
  "image": {
    "name": "/var/www/imageconvert_usr/data/www/imageconvert.org/image/public/uploadt/ezgif-frame-053.jpg",
    "format": "json",
    "formatDescription": "The image format and characteristics",
    "mimeType": "application/json",
    "class": "DirectClass",
    "geometry": {
      "width": 600,
      "height": 338,
      "x": 0,
      "y": 0
    },
    "units": "Undefined",
    "type": "TrueColor",
    "endianness": "Undefined",
    "colorspace": "sRGB",
    "depth": 8,
    "baseDepth": 8,
    "channelDepth": {
      "red": 8,
      "green": 8,
      "blue": 8
    },
    "pixels": 202800,
    "imageStatistics": {
      "all": {
        "min": 0,
        "max": 255,
        "mean": 111.636,
        "standardDeviation": 48.584,
        "kurtosis": -0.503109,
        "skewness": -0.439038,
        "entropy": 0.930016
      }
    },
    "channelStatistics": {
      "red": {
        "min": 0,
        "max": 255,
        "mean": 113.485,
        "standardDeviation": 48.8406,
        "kurtosis": -0.489929,
        "skewness": -0.423208,
        "entropy": 0.933028
      },
      "green": {
        "min": 0,
        "max": 255,
        "mean": 111.396,
        "standardDeviation": 48.7704,
        "kurtosis": -0.517982,
        "skewness": -0.451741,
        "entropy": 0.929823
      },
      "blue": {
        "min": 0,
        "max": 255,
        "mean": 110.026,
        "standardDeviation": 48.141,
        "kurtosis": -0.506642,
        "skewness": -0.447009,
        "entropy": 0.927197
      }
    },
    "renderingIntent": "Perceptual",
    "gamma": 0.454545,
    "chromaticity": {
      "redPrimary": {
        "x": 0.64,
        "y": 0.33
      },
      "greenPrimary": {
        "x": 0.3,
        "y": 0.6
      },
      "bluePrimary": {
        "x": 0.15,
        "y": 0.06
      },
      "whitePrimary": {
        "x": 0.3127,
        "y": 0.329
      }
    },
    "backgroundColor": "#FFFFFF",
    "borderColor": "#DFDFDF",
    "matteColor": "#BDBDBD",
    "transparentColor": "#000000",
    "interlace": "None",
    "intensity": "Undefined",
    "compose": "Over",
    "pageGeometry": {
      "width": 600,
      "height": 338,
      "x": 0,
      "y": 0
    },
    "dispose": "Undefined",
    "iterations": 0,
    "compression": "JPEG",
    "orientation": "Undefined",
    "properties": {
      "comment": "Lavc60.31.102",
      "date:create": "2025-07-13T08:00:54+00:00",
      "date:modify": "2025-07-13T08:00:54+00:00",
      "jpeg:colorspace": "2",
      "jpeg:sampling-factor": "2x2,1x1,1x1",
      "signature": "39e060b2eecc49ef80df59372f612fd6ec85115e42fb77416bb57de27ab8e89e"
    },
    "tainted": false,
    "filesize": "11339B",
    "numberPixels": "202800",
    "pixelsPerSecond": "122.609MB",
    "userTime": "0.000u",
    "elapsedTime": "0:01.001",
    "version": "ImageMagick 6.9.11-60 Q16 x86_64 2021-01-25 https://imagemagick.org"
  }
}
]