[{
  "version": "1.0",
  "image": {
    "name": "/var/www/imageconvert_usr/data/www/imageconvert.org/image/public/uploadt/ezgif-frame-028.jpg",
    "format": "json",
    "formatDescription": "The image format and characteristics",
    "mimeType": "application/json",
    "class": "DirectClass",
    "geometry": {
      "width": 600,
      "height": 338,
      "x": 0,
      "y": 0
    },
    "units": "Undefined",
    "type": "TrueColor",
    "endianness": "Undefined",
    "colorspace": "sRGB",
    "depth": 8,
    "baseDepth": 8,
    "channelDepth": {
      "red": 8,
      "green": 8,
      "blue": 8
    },
    "pixels": 202800,
    "imageStatistics": {
      "all": {
        "min": 0,
        "max": 255,
        "mean": 112.192,
        "standardDeviation": 48.622,
        "kurtosis": -0.497208,
        "skewness": -0.397293,
        "entropy": 0.931305
      }
    },
    "channelStatistics": {
      "red": {
        "min": 0,
        "max": 255,
        "mean": 113.246,
        "standardDeviation": 49.2055,
        "kurtosis": -0.498976,
        "skewness": -0.380442,
        "entropy": 0.934236
      },
      "green": {
        "min": 0,
        "max": 255,
        "mean": 111.809,
        "standardDeviation": 48.7606,
        "kurtosis": -0.505546,
        "skewness": -0.409769,
        "entropy": 0.930612
      },
      "blue": {
        "min": 0,
        "max": 255,
        "mean": 111.521,
        "standardDeviation": 47.8997,
        "kurtosis": -0.491328,
        "skewness": -0.405398,
        "entropy": 0.929068
      }
    },
    "renderingIntent": "Perceptual",
    "gamma": 0.454545,
    "chromaticity": {
      "redPrimary": {
        "x": 0.64,
        "y": 0.33
      },
      "greenPrimary": {
        "x": 0.3,
        "y": 0.6
      },
      "bluePrimary": {
        "x": 0.15,
        "y": 0.06
      },
      "whitePrimary": {
        "x": 0.3127,
        "y": 0.329
      }
    },
    "backgroundColor": "#FFFFFF",
    "borderColor": "#DFDFDF",
    "matteColor": "#BDBDBD",
    "transparentColor": "#000000",
    "interlace": "None",
    "intensity": "Undefined",
    "compose": "Over",
    "pageGeometry": {
      "width": 600,
      "height": 338,
      "x": 0,
      "y": 0
    },
    "dispose": "Undefined",
    "iterations": 0,
    "compression": "JPEG",
    "orientation": "Undefined",
    "properties": {
      "comment": "Lavc60.31.102",
      "date:create": "2025-07-13T08:00:51+00:00",
      "date:modify": "2025-07-13T08:00:51+00:00",
      "jpeg:colorspace": "2",
      "jpeg:sampling-factor": "2x2,1x1,1x1",
      "signature": "36e90a6ceb096b0b162c301743f4e9e08d0cdbe841ac06cbb244196b14a68063"
    },
    "tainted": false,
    "filesize": "12063B",
    "numberPixels": "202800",
    "pixelsPerSecond": "130.786MB",
    "userTime": "0.000u",
    "elapsedTime": "0:01.001",
    "version": "ImageMagick 6.9.11-60 Q16 x86_64 2021-01-25 https://imagemagick.org"
  }
}
]