[{
  "version": "1.0",
  "image": {
    "name": "/var/www/imageconvert_usr/data/www/imageconvert.org/image/public/uploadt/ezgif-frame-009.jpg",
    "format": "json",
    "formatDescription": "The image format and characteristics",
    "mimeType": "application/json",
    "class": "DirectClass",
    "geometry": {
      "width": 600,
      "height": 338,
      "x": 0,
      "y": 0
    },
    "units": "Undefined",
    "type": "TrueColor",
    "endianness": "Undefined",
    "colorspace": "sRGB",
    "depth": 8,
    "baseDepth": 8,
    "channelDepth": {
      "red": 8,
      "green": 8,
      "blue": 8
    },
    "pixels": 202800,
    "imageStatistics": {
      "all": {
        "min": 0,
        "max": 255,
        "mean": 117.136,
        "standardDeviation": 48.1873,
        "kurtosis": -0.285867,
        "skewness": -0.534894,
        "entropy": 0.925789
      }
    },
    "channelStatistics": {
      "red": {
        "min": 0,
        "max": 255,
        "mean": 117.778,
        "standardDeviation": 48.6292,
        "kurtosis": -0.295584,
        "skewness": -0.516749,
        "entropy": 0.928224
      },
      "green": {
        "min": 0,
        "max": 255,
        "mean": 116.884,
        "standardDeviation": 48.4798,
        "kurtosis": -0.294618,
        "skewness": -0.542041,
        "entropy": 0.926714
      },
      "blue": {
        "min": 0,
        "max": 255,
        "mean": 116.747,
        "standardDeviation": 47.4531,
        "kurtosis": -0.270096,
        "skewness": -0.548064,
        "entropy": 0.922429
      }
    },
    "renderingIntent": "Perceptual",
    "gamma": 0.454545,
    "chromaticity": {
      "redPrimary": {
        "x": 0.64,
        "y": 0.33
      },
      "greenPrimary": {
        "x": 0.3,
        "y": 0.6
      },
      "bluePrimary": {
        "x": 0.15,
        "y": 0.06
      },
      "whitePrimary": {
        "x": 0.3127,
        "y": 0.329
      }
    },
    "backgroundColor": "#FFFFFF",
    "borderColor": "#DFDFDF",
    "matteColor": "#BDBDBD",
    "transparentColor": "#000000",
    "interlace": "None",
    "intensity": "Undefined",
    "compose": "Over",
    "pageGeometry": {
      "width": 600,
      "height": 338,
      "x": 0,
      "y": 0
    },
    "dispose": "Undefined",
    "iterations": 0,
    "compression": "JPEG",
    "orientation": "Undefined",
    "properties": {
      "comment": "Lavc60.31.102",
      "date:create": "2025-07-13T08:00:49+00:00",
      "date:modify": "2025-07-13T08:00:49+00:00",
      "jpeg:colorspace": "2",
      "jpeg:sampling-factor": "2x2,1x1,1x1",
      "signature": "d9aa4da0ad326e6f7d44defadddd5acc114f9dd002fc60f145a2d60af4c57511"
    },
    "tainted": false,
    "filesize": "14810B",
    "numberPixels": "202800",
    "pixelsPerSecond": "133.975MB",
    "userTime": "0.000u",
    "elapsedTime": "0:01.001",
    "version": "ImageMagick 6.9.11-60 Q16 x86_64 2021-01-25 https://imagemagick.org"
  }
}
]