[{
  "version": "1.0",
  "image": {
    "name": "/var/www/imageconvert_usr/data/www/imageconvert.org/image/public/uploadt/ezgif-frame-047.jpg",
    "format": "json",
    "formatDescription": "The image format and characteristics",
    "mimeType": "application/json",
    "class": "DirectClass",
    "geometry": {
      "width": 600,
      "height": 338,
      "x": 0,
      "y": 0
    },
    "units": "Undefined",
    "type": "TrueColor",
    "endianness": "Undefined",
    "colorspace": "sRGB",
    "depth": 8,
    "baseDepth": 8,
    "channelDepth": {
      "red": 8,
      "green": 8,
      "blue": 8
    },
    "pixels": 202800,
    "imageStatistics": {
      "all": {
        "min": 0,
        "max": 255,
        "mean": 109.211,
        "standardDeviation": 49.2277,
        "kurtosis": -0.560953,
        "skewness": -0.466394,
        "entropy": 0.928218
      }
    },
    "channelStatistics": {
      "red": {
        "min": 0,
        "max": 255,
        "mean": 110.948,
        "standardDeviation": 49.6399,
        "kurtosis": -0.532113,
        "skewness": -0.458935,
        "entropy": 0.931343
      },
      "green": {
        "min": 0,
        "max": 255,
        "mean": 108.785,
        "standardDeviation": 49.4157,
        "kurtosis": -0.572652,
        "skewness": -0.477388,
        "entropy": 0.928082
      },
      "blue": {
        "min": 0,
        "max": 255,
        "mean": 107.9,
        "standardDeviation": 48.6274,
        "kurtosis": -0.582883,
        "skewness": -0.467764,
        "entropy": 0.925228
      }
    },
    "renderingIntent": "Perceptual",
    "gamma": 0.454545,
    "chromaticity": {
      "redPrimary": {
        "x": 0.64,
        "y": 0.33
      },
      "greenPrimary": {
        "x": 0.3,
        "y": 0.6
      },
      "bluePrimary": {
        "x": 0.15,
        "y": 0.06
      },
      "whitePrimary": {
        "x": 0.3127,
        "y": 0.329
      }
    },
    "backgroundColor": "#FFFFFF",
    "borderColor": "#DFDFDF",
    "matteColor": "#BDBDBD",
    "transparentColor": "#000000",
    "interlace": "None",
    "intensity": "Undefined",
    "compose": "Over",
    "pageGeometry": {
      "width": 600,
      "height": 338,
      "x": 0,
      "y": 0
    },
    "dispose": "Undefined",
    "iterations": 0,
    "compression": "JPEG",
    "orientation": "Undefined",
    "properties": {
      "comment": "Lavc60.31.102",
      "date:create": "2025-07-13T08:00:53+00:00",
      "date:modify": "2025-07-13T08:00:53+00:00",
      "jpeg:colorspace": "2",
      "jpeg:sampling-factor": "2x2,1x1,1x1",
      "signature": "986e04127bc8e282e23e80475a17ec303c93748cecb9007ccae3af8750662976"
    },
    "tainted": false,
    "filesize": "12081B",
    "numberPixels": "202800",
    "pixelsPerSecond": "139.838MB",
    "userTime": "0.000u",
    "elapsedTime": "0:01.001",
    "version": "ImageMagick 6.9.11-60 Q16 x86_64 2021-01-25 https://imagemagick.org"
  }
}
]