[{
  "version": "1.0",
  "image": {
    "name": "/var/www/imageconvert_usr/data/www/imageconvert.org/image/public/uploadt/ezgif-frame-027.jpg",
    "format": "json",
    "formatDescription": "The image format and characteristics",
    "mimeType": "application/json",
    "class": "DirectClass",
    "geometry": {
      "width": 600,
      "height": 338,
      "x": 0,
      "y": 0
    },
    "units": "Undefined",
    "type": "TrueColor",
    "endianness": "Undefined",
    "colorspace": "sRGB",
    "depth": 8,
    "baseDepth": 8,
    "channelDepth": {
      "red": 8,
      "green": 8,
      "blue": 8
    },
    "pixels": 202800,
    "imageStatistics": {
      "all": {
        "min": 0,
        "max": 255,
        "mean": 112.278,
        "standardDeviation": 48.5376,
        "kurtosis": -0.468104,
        "skewness": -0.384007,
        "entropy": 0.931626
      }
    },
    "channelStatistics": {
      "red": {
        "min": 0,
        "max": 255,
        "mean": 113.313,
        "standardDeviation": 49.1432,
        "kurtosis": -0.473709,
        "skewness": -0.367066,
        "entropy": 0.934627
      },
      "green": {
        "min": 0,
        "max": 255,
        "mean": 111.941,
        "standardDeviation": 48.7,
        "kurtosis": -0.478037,
        "skewness": -0.396463,
        "entropy": 0.930837
      },
      "blue": {
        "min": 0,
        "max": 255,
        "mean": 111.579,
        "standardDeviation": 47.7695,
        "kurtosis": -0.456527,
        "skewness": -0.392393,
        "entropy": 0.929414
      }
    },
    "renderingIntent": "Perceptual",
    "gamma": 0.454545,
    "chromaticity": {
      "redPrimary": {
        "x": 0.64,
        "y": 0.33
      },
      "greenPrimary": {
        "x": 0.3,
        "y": 0.6
      },
      "bluePrimary": {
        "x": 0.15,
        "y": 0.06
      },
      "whitePrimary": {
        "x": 0.3127,
        "y": 0.329
      }
    },
    "backgroundColor": "#FFFFFF",
    "borderColor": "#DFDFDF",
    "matteColor": "#BDBDBD",
    "transparentColor": "#000000",
    "interlace": "None",
    "intensity": "Undefined",
    "compose": "Over",
    "pageGeometry": {
      "width": 600,
      "height": 338,
      "x": 0,
      "y": 0
    },
    "dispose": "Undefined",
    "iterations": 0,
    "compression": "JPEG",
    "orientation": "Undefined",
    "properties": {
      "comment": "Lavc60.31.102",
      "date:create": "2025-07-13T08:00:51+00:00",
      "date:modify": "2025-07-13T08:00:51+00:00",
      "jpeg:colorspace": "2",
      "jpeg:sampling-factor": "2x2,1x1,1x1",
      "signature": "5d273d383d41d2b3000ee33d8d1e5cc3b95e72fd9812b1419ed8289d72402b22"
    },
    "tainted": false,
    "filesize": "11930B",
    "numberPixels": "202800",
    "pixelsPerSecond": "117.658MB",
    "userTime": "0.000u",
    "elapsedTime": "0:01.001",
    "version": "ImageMagick 6.9.11-60 Q16 x86_64 2021-01-25 https://imagemagick.org"
  }
}
]