[{
  "version": "1.0",
  "image": {
    "name": "/var/www/imageconvert_usr/data/www/imageconvert.org/image/public/uploadt/ezgif-frame-068.jpg",
    "format": "json",
    "formatDescription": "The image format and characteristics",
    "mimeType": "application/json",
    "class": "DirectClass",
    "geometry": {
      "width": 600,
      "height": 338,
      "x": 0,
      "y": 0
    },
    "units": "Undefined",
    "type": "TrueColor",
    "endianness": "Undefined",
    "colorspace": "sRGB",
    "depth": 8,
    "baseDepth": 8,
    "channelDepth": {
      "red": 8,
      "green": 8,
      "blue": 8
    },
    "pixels": 202800,
    "imageStatistics": {
      "all": {
        "min": 0,
        "max": 255,
        "mean": 111.341,
        "standardDeviation": 50.2241,
        "kurtosis": -0.66719,
        "skewness": -0.495048,
        "entropy": 0.928128
      }
    },
    "channelStatistics": {
      "red": {
        "min": 0,
        "max": 255,
        "mean": 113.003,
        "standardDeviation": 50.1019,
        "kurtosis": -0.611508,
        "skewness": -0.484407,
        "entropy": 0.932062
      },
      "green": {
        "min": 0,
        "max": 255,
        "mean": 110.912,
        "standardDeviation": 50.4637,
        "kurtosis": -0.693845,
        "skewness": -0.497611,
        "entropy": 0.927687
      },
      "blue": {
        "min": 0,
        "max": 255,
        "mean": 110.107,
        "standardDeviation": 50.1067,
        "kurtosis": -0.700901,
        "skewness": -0.503994,
        "entropy": 0.924634
      }
    },
    "renderingIntent": "Perceptual",
    "gamma": 0.454545,
    "chromaticity": {
      "redPrimary": {
        "x": 0.64,
        "y": 0.33
      },
      "greenPrimary": {
        "x": 0.3,
        "y": 0.6
      },
      "bluePrimary": {
        "x": 0.15,
        "y": 0.06
      },
      "whitePrimary": {
        "x": 0.3127,
        "y": 0.329
      }
    },
    "backgroundColor": "#FFFFFF",
    "borderColor": "#DFDFDF",
    "matteColor": "#BDBDBD",
    "transparentColor": "#000000",
    "interlace": "None",
    "intensity": "Undefined",
    "compose": "Over",
    "pageGeometry": {
      "width": 600,
      "height": 338,
      "x": 0,
      "y": 0
    },
    "dispose": "Undefined",
    "iterations": 0,
    "compression": "JPEG",
    "orientation": "Undefined",
    "properties": {
      "comment": "Lavc60.31.102",
      "date:create": "2025-07-13T08:00:56+00:00",
      "date:modify": "2025-07-13T08:00:56+00:00",
      "jpeg:colorspace": "2",
      "jpeg:sampling-factor": "2x2,1x1,1x1",
      "signature": "9438a0401d08e26b4f330bace4d4f347850ff89a8fd024867301da737bf28ca8"
    },
    "tainted": false,
    "filesize": "11736B",
    "numberPixels": "202800",
    "pixelsPerSecond": "103.532MB",
    "userTime": "0.000u",
    "elapsedTime": "0:01.001",
    "version": "ImageMagick 6.9.11-60 Q16 x86_64 2021-01-25 https://imagemagick.org"
  }
}
]