[{
  "version": "1.0",
  "image": {
    "name": "/var/www/imageconvert_usr/data/www/imageconvert.org/image/public/uploadt/ezgif-frame-008.jpg",
    "format": "json",
    "formatDescription": "The image format and characteristics",
    "mimeType": "application/json",
    "class": "DirectClass",
    "geometry": {
      "width": 600,
      "height": 338,
      "x": 0,
      "y": 0
    },
    "units": "Undefined",
    "type": "TrueColor",
    "endianness": "Undefined",
    "colorspace": "sRGB",
    "depth": 8,
    "baseDepth": 8,
    "channelDepth": {
      "red": 8,
      "green": 8,
      "blue": 8
    },
    "pixels": 202800,
    "imageStatistics": {
      "all": {
        "min": 0,
        "max": 255,
        "mean": 117.463,
        "standardDeviation": 48.3261,
        "kurtosis": -0.272176,
        "skewness": -0.561483,
        "entropy": 0.924712
      }
    },
    "channelStatistics": {
      "red": {
        "min": 0,
        "max": 255,
        "mean": 118.039,
        "standardDeviation": 48.7638,
        "kurtosis": -0.279329,
        "skewness": -0.544786,
        "entropy": 0.927346
      },
      "green": {
        "min": 0,
        "max": 255,
        "mean": 117.198,
        "standardDeviation": 48.6678,
        "kurtosis": -0.281876,
        "skewness": -0.566187,
        "entropy": 0.925467
      },
      "blue": {
        "min": 0,
        "max": 255,
        "mean": 117.153,
        "standardDeviation": 47.5467,
        "kurtosis": -0.25845,
        "skewness": -0.575373,
        "entropy": 0.921324
      }
    },
    "renderingIntent": "Perceptual",
    "gamma": 0.454545,
    "chromaticity": {
      "redPrimary": {
        "x": 0.64,
        "y": 0.33
      },
      "greenPrimary": {
        "x": 0.3,
        "y": 0.6
      },
      "bluePrimary": {
        "x": 0.15,
        "y": 0.06
      },
      "whitePrimary": {
        "x": 0.3127,
        "y": 0.329
      }
    },
    "backgroundColor": "#FFFFFF",
    "borderColor": "#DFDFDF",
    "matteColor": "#BDBDBD",
    "transparentColor": "#000000",
    "interlace": "None",
    "intensity": "Undefined",
    "compose": "Over",
    "pageGeometry": {
      "width": 600,
      "height": 338,
      "x": 0,
      "y": 0
    },
    "dispose": "Undefined",
    "iterations": 0,
    "compression": "JPEG",
    "quality": 54,
    "orientation": "Undefined",
    "properties": {
      "comment": "Lavc60.31.102",
      "date:create": "2025-07-13T08:00:48+00:00",
      "date:modify": "2025-07-13T08:00:48+00:00",
      "jpeg:colorspace": "2",
      "jpeg:sampling-factor": "2x2,1x1,1x1",
      "signature": "bf39c20896597fec08443f81d882e55065855c7c0af528559df8cd193475b8d5"
    },
    "tainted": false,
    "filesize": "16806B",
    "numberPixels": "202800",
    "pixelsPerSecond": "129.832MB",
    "userTime": "0.000u",
    "elapsedTime": "0:01.001",
    "version": "ImageMagick 6.9.11-60 Q16 x86_64 2021-01-25 https://imagemagick.org"
  }
}
]