[{
  "version": "1.0",
  "image": {
    "name": "/var/www/imageconvert_usr/data/www/imageconvert.org/image/public/uploadt/ezgif-frame-126.jpg",
    "format": "json",
    "formatDescription": "The image format and characteristics",
    "mimeType": "application/json",
    "class": "DirectClass",
    "geometry": {
      "width": 600,
      "height": 338,
      "x": 0,
      "y": 0
    },
    "units": "Undefined",
    "type": "TrueColor",
    "endianness": "Undefined",
    "colorspace": "sRGB",
    "depth": 8,
    "baseDepth": 8,
    "channelDepth": {
      "red": 8,
      "green": 8,
      "blue": 8
    },
    "pixels": 202800,
    "imageStatistics": {
      "all": {
        "min": 0,
        "max": 255,
        "mean": 98.9075,
        "standardDeviation": 51.2395,
        "kurtosis": -0.832584,
        "skewness": -0.25159,
        "entropy": 0.931678
      }
    },
    "channelStatistics": {
      "red": {
        "min": 0,
        "max": 255,
        "mean": 100.295,
        "standardDeviation": 50.6446,
        "kurtosis": -0.777644,
        "skewness": -0.241774,
        "entropy": 0.934943
      },
      "green": {
        "min": 0,
        "max": 255,
        "mean": 98.0715,
        "standardDeviation": 51.5808,
        "kurtosis": -0.85508,
        "skewness": -0.24981,
        "entropy": 0.931786
      },
      "blue": {
        "min": 0,
        "max": 255,
        "mean": 98.3557,
        "standardDeviation": 51.4932,
        "kurtosis": -0.86752,
        "skewness": -0.260258,
        "entropy": 0.928305
      }
    },
    "renderingIntent": "Perceptual",
    "gamma": 0.454545,
    "chromaticity": {
      "redPrimary": {
        "x": 0.64,
        "y": 0.33
      },
      "greenPrimary": {
        "x": 0.3,
        "y": 0.6
      },
      "bluePrimary": {
        "x": 0.15,
        "y": 0.06
      },
      "whitePrimary": {
        "x": 0.3127,
        "y": 0.329
      }
    },
    "backgroundColor": "#FFFFFF",
    "borderColor": "#DFDFDF",
    "matteColor": "#BDBDBD",
    "transparentColor": "#000000",
    "interlace": "None",
    "intensity": "Undefined",
    "compose": "Over",
    "pageGeometry": {
      "width": 600,
      "height": 338,
      "x": 0,
      "y": 0
    },
    "dispose": "Undefined",
    "iterations": 0,
    "compression": "JPEG",
    "orientation": "Undefined",
    "properties": {
      "comment": "Lavc60.31.102",
      "date:create": "2025-07-13T08:01:03+00:00",
      "date:modify": "2025-07-13T08:01:03+00:00",
      "jpeg:colorspace": "2",
      "jpeg:sampling-factor": "2x2,1x1,1x1",
      "signature": "c55f00cfce3f9cd66b33fb56ca78b13ce832355f42216467a1c6364361d68bc9"
    },
    "tainted": false,
    "filesize": "11834B",
    "numberPixels": "202800",
    "pixelsPerSecond": "109.229MB",
    "userTime": "0.000u",
    "elapsedTime": "0:01.001",
    "version": "ImageMagick 6.9.11-60 Q16 x86_64 2021-01-25 https://imagemagick.org"
  }
}
]