[{
  "version": "1.0",
  "image": {
    "name": "/var/www/imageconvert_usr/data/www/imageconvert.org/image/public/uploadt/ezgif-frame-119.jpg",
    "format": "json",
    "formatDescription": "The image format and characteristics",
    "mimeType": "application/json",
    "class": "DirectClass",
    "geometry": {
      "width": 600,
      "height": 338,
      "x": 0,
      "y": 0
    },
    "units": "Undefined",
    "type": "TrueColor",
    "endianness": "Undefined",
    "colorspace": "sRGB",
    "depth": 8,
    "baseDepth": 8,
    "channelDepth": {
      "red": 8,
      "green": 8,
      "blue": 8
    },
    "pixels": 202800,
    "imageStatistics": {
      "all": {
        "min": 0,
        "max": 255,
        "mean": 100.941,
        "standardDeviation": 50.595,
        "kurtosis": -0.788711,
        "skewness": -0.306731,
        "entropy": 0.930982
      }
    },
    "channelStatistics": {
      "red": {
        "min": 0,
        "max": 255,
        "mean": 102.065,
        "standardDeviation": 50.2809,
        "kurtosis": -0.74252,
        "skewness": -0.293851,
        "entropy": 0.934287
      },
      "green": {
        "min": 0,
        "max": 255,
        "mean": 100.228,
        "standardDeviation": 50.886,
        "kurtosis": -0.810499,
        "skewness": -0.302693,
        "entropy": 0.93103
      },
      "blue": {
        "min": 0,
        "max": 255,
        "mean": 100.53,
        "standardDeviation": 50.6182,
        "kurtosis": -0.815494,
        "skewness": -0.322441,
        "entropy": 0.927629
      }
    },
    "renderingIntent": "Perceptual",
    "gamma": 0.454545,
    "chromaticity": {
      "redPrimary": {
        "x": 0.64,
        "y": 0.33
      },
      "greenPrimary": {
        "x": 0.3,
        "y": 0.6
      },
      "bluePrimary": {
        "x": 0.15,
        "y": 0.06
      },
      "whitePrimary": {
        "x": 0.3127,
        "y": 0.329
      }
    },
    "backgroundColor": "#FFFFFF",
    "borderColor": "#DFDFDF",
    "matteColor": "#BDBDBD",
    "transparentColor": "#000000",
    "interlace": "None",
    "intensity": "Undefined",
    "compose": "Over",
    "pageGeometry": {
      "width": 600,
      "height": 338,
      "x": 0,
      "y": 0
    },
    "dispose": "Undefined",
    "iterations": 0,
    "compression": "JPEG",
    "orientation": "Undefined",
    "properties": {
      "comment": "Lavc60.31.102",
      "date:create": "2025-07-13T08:01:02+00:00",
      "date:modify": "2025-07-13T08:01:02+00:00",
      "jpeg:colorspace": "2",
      "jpeg:sampling-factor": "2x2,1x1,1x1",
      "signature": "d2b6508a6053793af5c7d40909fa525f7751cdac7bd2389cd3d660136c6cdfa4"
    },
    "tainted": false,
    "filesize": "11866B",
    "numberPixels": "202800",
    "pixelsPerSecond": "80.5622MB",
    "userTime": "0.010u",
    "elapsedTime": "0:01.002",
    "version": "ImageMagick 6.9.11-60 Q16 x86_64 2021-01-25 https://imagemagick.org"
  }
}
]